Protein,Threshold,nSNP,Total_Sample_n,beta,z,p,ci_lower,ci_upper,se,i2,Q,Q-p,r,r2,Significant,P_MinusLog10
ANGPT2.13660.76.3,5e-05,45,6237,-0.0246612993120376,-0.654501032982841,0.51278906185135,-0.0985118450373388,0.0491892464132636,0.0376795422302782,0,0.65311983934754,0.721401147632116,-0.00828852380206423,6.86996268173853e-05,N,0.290061247194904
ANGPT2.13660.76.3,5e-04,400,6237,-0.000467067246807658,-0.00654845440771978,0.994775126673377,-0.140261120179681,0.139326985686066,0.0713248070043896,56.4882898474174,4.4091484267089,0.110297478501137,-8.29317018686362e-05,6.87766717482835e-09,N,0.00227508235219051
ANGPT2.13660.76.3,0.001,776,6237,0.0238106094111353,0.538038617958238,0.590550387809451,-0.0629265416745474,0.110547760496818,0.0442544616992221,13.5098147101496,3.19027021137528,0.202881116258089,0.00681373341333162,4.64269630279517e-05,N,0.228743040956478
ANGPT2.13660.76.3,0.01,5747,6237,0.0240225917317083,0.640427888780154,0.521894456489195,-0.0494960907528091,0.0975412742162258,0.0375102211389717,0,0.473560142305093,0.789164829044874,0.00811031501720549,6.57772096783089e-05,N,0.282417316152662
ANGPT2.13660.76.3,0.05,21058,6237,0.0383425891291627,1.02107817669519,0.307217401623451,-0.0352561768442769,0.111941355102602,0.0375510808126972,0,0.786270762372263,0.674937367579318,0.0129301766304539,0.000167189467694735,N,0.51255418833128
ANGPT2.13660.76.3,0.1,36670,6237,0.0520682304282712,1.38532952123682,0.165951730809401,-0.0215978936337008,0.125734354490243,0.0375854478158992,0,0.56486835360026,0.753946267481903,0.0175415526934026,0.000307706070895419,N,0.780018213716045
ANGPT2.13660.76.3,0.2,61131,6237,0.0156319468876005,0.416927138839459,0.676731702317147,-0.0578534419341077,0.0891173357093087,0.0374932342641761,0,0.680450303003446,0.711610084645161,0.00528002382992505,2.78786516445764e-05,N,0.169583477988375
ANGPT2.13660.76.3,0.5,109227,6237,0.00960094213555467,0.256109376534793,0.797866381962349,-0.0638735282565274,0.0830754125276367,0.0374876635344523,0,0.719052110938579,0.69800706431958,0.00324343325800997,1.05198592991652e-05,N,0.0980698335054689
ANGPT2.13660.76.3,1,146759,6237,0.00960274621246483,0.256205886881244,0.797791863232545,-0.0638578481486373,0.0830633405735669,0.0374805837967176,0,0.309864324184681,0.85647327686799,0.00324465547633255,1.05277891600948e-05,N,0.0981103974210487
APCS.2474.54.5,5e-08,3,6237,-0.0471137773099725,-1.22092333776541,0.222115047305807,-0.12274613181324,0.0285185771932954,0.0385886450464632,0,1.27036466253952,0.529838873315329,-0.0154603121185947,0.000239021250804366,N,0.653422018936815
APCS.2474.54.5,5e-05,49,6237,-0.0275549654572506,-0.733540872103299,0.463228608844876,-0.101179683513658,0.0460697525991566,0.0375643219146625,0,0.552837316031831,0.75849531413621,-0.00928939327035483,8.62928273313136e-05,N,0.334204626569516
APCS.2474.54.5,5e-04,426,6237,-0.0578433040164578,-1.53891380123026,0.12382534140012,-0.131512662578598,0.0158260545456824,0.0375870981014114,0,1.30321140633325,0.52120819883487,-0.019485591858666,0.000379688290082512,N,0.90719046594608
APCS.2474.54.5,0.001,771,6237,-0.0373132946341908,-0.994662539289171,0.319900419680533,-0.110838445867703,0.0362118565993215,0.0375135215817583,0,0.902253873229688,0.636909989848459,-0.0125957223675524,0.000158652221960459,N,0.494985190160281
APCS.2474.54.5,0.01,5758,6237,-0.0834977247462516,-1.74376123088316,0.081200733362943,-0.177348035439767,0.0103525859472642,0.0478836914523915,20.127559161101,2.76671200572551,0.250735669865785,-0.022078161998072,0.00048744523721311,N,1.09044004841842
APCS.2474.54.5,0.05,21135,6237,-0.085300247132518,-1.42216243341357,0.154979101635442,-0.202857432109491,0.032256937844455,0.0599792577334324,41.031693390425,3.57804088191982,0.167123797138874,-0.0180077953110539,0.000324280691964813,N,0.809726860902717
APCS.2474.54.5,0.1,36695,6237,-0.0812189301796081,-2.14602278302686,0.0318711610501189,-0.155396231219432,-0.0070416291397838,0.0378462571888695,0.0064491559570319,2.19062580643153,0.334434944805206,-0.0271678809315238,0.000738093754309453,Y,1.49660211511192
APCS.2474.54.5,0.2,61049,6237,-0.0590381866680333,-1.55838781374671,0.119141343648068,-0.13328974238554,0.0152133690494737,0.0378841429246628,0.0775634782378602,2.25803120523986,0.323351406080704,-0.0197320746939126,0.000389354771726146,N,0.923937506338473
APCS.2474.54.5,0.5,109178,6237,-0.0271725048646315,-0.419055224916493,0.675175772690011,-0.154261078727491,0.0999160689982284,0.0648423006061939,47.9686476259364,3.89049499600827,0.142951838664699,-0.00530697345372168,2.81639672385067e-05,N,0.170583149877386
APCS.2474.54.5,1,146655,6237,-0.0311098873634572,-0.506755415075655,0.612326443032096,-0.151432743284732,0.0892129685578177,0.0613903402666408,43.1751449348457,3.57977132593786,0.16697926048852,-0.00641757903368159,4.11853206535496e-05,N,0.213016985354479
APOB.2797.56.2,5e-08,2,6237,0.589929559476556,8.11939450367518,4.68515240838378e-16,0.447524766918901,0.732334352034211,0.0726568414934794,47.07887858945,3.64593245033642,0.161545858160435,0.102287250097747,0.010462681532559,Y,15.3292762769121
APOB.2797.56.2,5e-05,66,6237,0.140077101952871,3.70973098129365,0.000207479592216548,0.066070098137561,0.214084105768181,0.0377593692532453,0,1.26326164744313,0.53172394551591,0.0469294453616554,0.0022023728419526,Y,3.6830246142464
APOB.2797.56.2,5e-04,420,6237,0.0888264316714576,2.35335288846764,0.0186049681052053,0.0148483182298199,0.162804545113095,0.0377446289958222,0.0428375750638384,1.55532660069804,0.459478420933488,0.0297903790858417,0.000887466686078156,Y,1.73037107015979
APOB.2797.56.2,0.001,788,6237,0.0889266225687887,0.818663037768187,0.412978690573649,-0.123972909303036,0.301826154440613,0.108624206133964,80.5163658275165,7.89994425358775,0.0192552384731381,0.0103672510053446,0.000107479893407818,N,0.384072357072503
APOB.2797.56.2,0.01,5824,6237,0.0535375301748851,0.426594776026107,0.669674503334766,-0.192437425124566,0.299512485474337,0.12549973226022,85.6227966855173,10.5055232327457,0.00523304675821104,0.00540245261187673,2.91864942235737e-05,N,0.174136235738763
APOB.2797.56.2,0.05,21244,6237,0.0374186332503474,0.668277998671373,0.503956154692005,-0.0723248771857318,0.147162143686427,0.0559926158346388,36.0319475630082,3.16406800798359,0.20555656982142,0.00846298130174703,7.16220525137198e-05,N,0.297607246498193
APOB.2797.56.2,0.1,36739,6237,0.0503727864111844,1.34067333826558,0.180026534595753,-0.0232684536649218,0.124014026487291,0.0375727516714485,0,1.06021294093486,0.588542303968185,0.0169762653283408,0.000288193584498226,N,0.744663478345532
APOB.2797.56.2,0.2,60892,6237,0.0600596448222624,1.5975632530618,0.110140210031752,-0.0136242863462197,0.133743575990744,0.0375945332412695,0,0.25418442973762,0.880652459601662,0.0202279078056527,0.000409168254193985,N,0.958054099676563
APOB.2797.56.2,0.5,109218,6237,0.0585518234172984,1.55697548089861,0.119476306898998,-0.0151548383348957,0.132258485169492,0.0376061306909631,0,0.25478903662996,0.880386275564449,0.0197141988987434,0.000388649638219214,N,0.922718210224042
APOB.2797.56.2,1,146835,6237,0.0573487939407744,1.52560623507058,0.127107958395022,-0.0163278652762919,0.131025453157841,0.0375908229937991,0,0.461117985994226,0.794089587895654,0.019317155770726,0.000373152507070492,N,0.895827256850874
APOE.2937.10.2,5e-08,5,6237,0.311875161925852,8.69784724391303,3.38239431847654e-18,0.241597532541748,0.382152791309956,0.0358565922325332,0,0.196272998598546,0.906525155259856,0.109490046803907,0.0119880703491217,Y,17.4707757638714
APOE.2937.10.2,5e-05,63,6237,0.214742604848667,5.69679408887961,1.22081221718342e-08,0.140861090986108,0.288624118711227,0.0376953425906431,0.144504125345103,2.38533079945961,0.303411472480218,0.0719589741120857,0.00517809395526382,Y,7.91335113319916
APOE.2937.10.2,5e-04,414,6237,0.148207365345358,3.9299229787944,8.4973075972413e-05,0.0742921512590034,0.222122579431712,0.0377125368983247,0,1.39792384398377,0.497101065728676,0.049708263790363,0.00247091148905232,Y,4.07071866027269
APOE.2937.10.2,0.001,785,6237,0.175156712167903,4.63167856540464,3.62712974305136e-06,0.101036532485368,0.249276891850439,0.0378171131037028,0,0.588436418196611,0.745113883074061,0.0585563958630832,0.00342885149647411,Y,5.44043690935381
APOE.2937.10.2,0.01,5744,6237,0.0660583661353319,1.7590927038616,0.0785617639743809,-0.00754322303537587,0.13965995530604,0.037552521245935,0,0.185367741201836,0.91148160088597,0.0222721814320902,0.000496050065743943,N,1.10478877374785
APOE.2937.10.2,0.05,21295,6237,-0.0100237640755783,-0.267431800056304,0.789136717856581,-0.0834862938627002,0.0634387657115436,0.0374815712771178,0,0.528473449974095,0.767791762646907,-0.00338682165395791,1.14705609157182e-05,N,0.102847748796959
APOE.2937.10.2,0.1,36878,6237,0.0100951482365522,0.269011175826529,0.787921082515684,-0.0634561713375995,0.083646467810704,0.0375268730212979,0,1.03898220037792,0.594823176361949,0.00340682302311389,1.16064431108189e-05,N,0.103517278886466
APOE.2937.10.2,0.2,61190,6237,0.032329228881114,0.518561722798571,0.604066407384655,-0.0898628294007286,0.154521287162957,0.0623440324647177,45.6939705410407,3.79065851162855,0.15026885000766,0.00656708840296226,4.31266500923214e-05,N,0.218915315062
APOE.2937.10.2,0.5,109342,6237,0.04816697917722,0.791475708650446,0.428666445799846,-0.0711109006106687,0.167444858965109,0.060857179381222,43.5391530896806,3.69569668832435,0.157575850816028,0.010022995737562,0.000100460443555186,N,0.367880509898021
APOE.2937.10.2,1,146989,6237,0.0536703353618724,0.881983297693017,0.377785839513873,-0.0655971435377898,0.172937814261535,0.0608518727080849,43.468552271767,3.65818058536066,0.160559563568605,0.011169019310869,0.000124746992366564,N,0.422754324699629
C3.2755.8.2,5e-05,52,6237,0.0406223604686245,1.0827960557884,0.278898956641488,-0.0329079807806669,0.114152701717916,0.0375161695976504,0,0.252817727668408,0.881254460036443,0.0137115833208732,0.000188007517165249,N,0.554553110422699
C3.2755.8.2,5e-04,399,6237,0.0813149606735763,1.09214602524423,0.274768922155678,-0.0646127730183182,0.227242694365471,0.0744542934681218,59.2076115605281,5.04885678410852,0.0801040878358763,0.0138299606167773,0.000191267810661611,N,0.561032389878709
C3.2755.8.2,0.001,751,6237,-0.0133784838758441,-0.33928622940693,0.734394115417694,-0.0906623353608833,0.0639053676091952,0.0394312610306334,3.66864755546852,1.53589378641374,0.463964660112616,-0.00429678868102513,1.84623929693857e-05,N,0.134070811724928
C3.2755.8.2,0.01,5830,6237,0.0169074791520817,0.150446818007332,0.880412106147293,-0.203356735447837,0.237171693752,0.112381766367818,81.8120127582359,8.58971100118459,0.0136385423161882,0.00190530272910211,3.63017848952396e-06,N,0.0553139942913173
C3.2755.8.2,0.05,21220,6237,0.00774068648517779,0.206569783069266,0.836345860869548,-0.0657040666686616,0.0811854396390171,0.0374725013995983,0,1.0290648799771,0.597780027323786,0.00261605625327601,6.84375032030451e-06,N,0.0776140881052087
C3.2755.8.2,0.1,36742,6237,0.021401116363917,0.570719241403034,0.568189973623485,-0.0520945961673639,0.0948968288951979,0.0374985015597254,0,0.678189054267731,0.7124151033484,0.00722758057846365,5.22379210181849e-05,N,0.245506434179455
C3.2755.8.2,0.2,61039,6237,0.0113784766254564,0.303729933431354,0.761333651099963,-0.062046635390596,0.0848035886415087,0.03746248022679,0,1.07440312759964,0.584381320131244,0.00384650368829954,1.47955906241019e-05,N,0.118424973879304
C3.2755.8.2,0.5,109103,6237,0.0188593748750712,0.502593998395988,0.615249749694072,-0.0546864606184833,0.0924052103686257,0.0375240749695784,0,1.30819554978401,0.519910927737213,0.00636488076298546,4.05117071270224e-05,N,0.210948554311881
C3.2755.8.2,1,146756,6237,0.0199242003539654,0.531408870152576,0.595135476107242,-0.0535610523542181,0.0934094530621488,0.0374931648172241,0,1.12844837016632,0.568801260126573,0.00672977796110217,4.52899114057364e-05,N,0.225384160610023
C4A.C4B.4481.34.2,5e-08,35,6237,-0.00620833172818008,-0.165292311573718,0.868713910060555,-0.0798240158181414,0.0674073523617812,0.0375597126634124,0,0.170768226220511,0.918159539542388,-0.00209330963681491,4.38194523558215e-06,N,0.0611232244013955
C4A.C4B.4481.34.2,5e-05,86,6237,-0.00368702649780066,-0.0983371951796465,0.921664543816609,-0.0771733521198867,0.0697992991242854,0.0374937122323353,0,0.273581193182539,0.872152838788962,-0.00124537244199875,1.55095251928993e-06,N,0.0354271193789032
C4A.C4B.4481.34.2,5e-04,453,6237,0.0179698943115221,0.480314796094451,0.63100356944383,-0.0553577356989608,0.091297524322005,0.0374127435957405,0,0.447400012068255,0.799554960057838,0.00608274628032173,3.69998023107679e-05,N,0.199968184043704
C4A.C4B.4481.34.2,0.001,808,6237,0.0309746971883505,0.825012616410331,0.409364427977945,-0.0426111967890654,0.104560591165766,0.0375445133471085,0,0.0431816515057378,0.978640587664304,0.0104476510171402,0.000109153411775952,N,0.387889898371324
C4A.C4B.4481.34.2,0.01,5891,6237,0.0546722528234249,1.46035808644531,0.144191685654975,-0.0187040289818212,0.128048534628671,0.0374375663961322,0,0.58340157720506,0.746992011062072,0.0184912755210248,0.00034192727039445,N,0.841059781074756
C4A.C4B.4481.34.2,0.05,21217,6237,0.0563651517786428,1.19725968490379,0.23120535283153,-0.0359069499735776,0.148637253530863,0.0470784680127038,19.4167546147245,2.05375906505565,0.358122729131313,0.0151607334900813,0.000229847839957272,N,0.636002115414636
C4A.C4B.4481.34.2,0.1,36891,6237,0.0164341194406894,0.439254970040863,0.660476798398648,-0.0568952323441847,0.0897634712255635,0.0374136220682046,0,0.652062665997283,0.721782571465074,0.00556277809189226,3.09445000996365e-05,N,0.180142433922913
C4A.C4B.4481.34.2,0.2,61207,6237,0.0190392387147993,0.508949666595549,0.61078750530313,-0.0542808253765712,0.0923593028061698,0.0374088833619953,0,0.308678748202398,0.856981134452318,0.00644536600624256,4.15427429544272e-05,N,0.214109855756753
C4A.C4B.4481.34.2,0.5,109353,6237,0.0189588311915486,0.506659064413982,0.612394057825462,-0.0543816633032822,0.0922993256863794,0.0374193072287712,0,0.25190179975216,0.881658135244368,0.00641635889373114,4.11696614531626e-05,N,0.212969031994242
C4A.C4B.4481.34.2,1,146788,6237,0.022910166270117,0.61197632032146,0.540553424634051,-0.050463752422794,0.096284084963028,0.0374363607044186,0,0.633142716307425,0.728643015084348,0.00775002933130223,6.00629546360448e-05,N,0.267161376868557
CCL26.9168.31.3,5e-08,1,6237,-0.0453037926304153,-1.20809186594307,0.227011928139868,-0.11880300607754,0.0281954208167098,0.0375002877741007,0,0.719313671837189,0.697915784611021,-0.0152978679411484,0.000234024763544815,N,0.643951322590032
CCL26.9168.31.3,5e-05,69,6237,-0.0591449478308868,-1.57699857252356,0.114795853534724,-0.13265292027663,0.0143630246148567,0.037504756733065,0,0.411206776112083,0.814155916218218,-0.0199676279536691,0.000398706166096146,N,0.940073798519149
CCL26.9168.31.3,5e-04,435,6237,-0.026869823457792,-0.715903224918285,0.474051107019273,-0.100432680021587,0.0466930331060026,0.0375327593486661,0,0.344863047564366,0.841615917513539,-0.00906605273867169,8.21933122603764e-05,N,0.324174834908245
CCL26.9168.31.3,0.001,807,6237,-0.0229691111369839,-0.612825559525191,0.53999168858991,-0.0964298698890604,0.0504916476150925,0.037480667671205,0,0.77320218325107,0.67936204408978,-0.00776078339544557,6.02297589110237e-05,N,0.267612924672064
CCL26.9168.31.3,0.01,5812,6237,0.0304996098511588,0.809827558386293,0.418039291377327,-0.0433162738289563,0.104315493531274,0.0376618571883797,0,1.81409735258703,0.403713958100058,0.0102553735393402,0.000105172686431398,N,0.378782897109144
CCL26.9168.31.3,0.05,21456,6237,0.0176577155291979,0.469016819224985,0.639057613916768,-0.0561317203031234,0.0914471513615191,0.0376483631405286,0,0.210975050404307,0.899885698668939,0.00593967287592542,3.52797138730041e-05,N,0.19445998647665
CCL26.9168.31.3,0.1,36932,6237,0.0130624368454039,0.346631092235254,0.728868484266612,-0.0607967937337878,0.0869216674245957,0.0376839733596045,0,1.31069672143344,0.519261140892667,0.0043898037196922,1.92703766974235e-05,N,0.137350827937154
CCL26.9168.31.3,0.2,61273,6237,0.00289209588297948,0.0768860711419991,0.938714178363109,-0.070832620262387,0.076616812028346,0.0376153422853163,0,0.181354787109856,0.913312303813498,0.000973709112412363,9.48109435594871e-07,N,0.0274666224895737
CCL26.9168.31.3,0.5,109366,6237,-0.0179991643849316,-0.476900352692381,0.633433080829429,-0.0919720892257682,0.055973760455905,0.0377419817018709,0,0.2424878104903,0.885817877615585,-0.00603950706972362,3.64756456452416e-05,N,0.198299259488704
CCL26.9168.31.3,1,146686,6237,-0.0205807094025788,-0.545497284562504,0.585411547608923,-0.0945269055558568,0.0533654867506991,0.0377283443657925,0,0.121105035623551,0.941244335627497,-0.00690818566154386,4.77230291343602e-05,N,0.232538715087448
CFH.4159.130.1,5e-08,7,6237,-0.00840319940910592,-0.145289933106388,0.884481962607632,-0.121762520627154,0.104956121808943,0.0578374511532928,39.0451176866653,3.280666409887,0.193915417949033,-0.00183999464781162,3.38558030397541e-06,N,0.0533110193058103
CFH.4159.130.1,5e-05,52,6237,-0.00788211567087357,-0.21053325941141,0.833251496050075,-0.0812608439539057,0.0654966126121586,0.0374388146220207,0.019899605532287,1.74669922471953,0.417550571636,-0.00266625044866867,7.10889145502588e-06,N,0.0792238979186066
CFH.4159.130.1,5e-04,432,6237,-0.00555168254549073,-0.148502709535893,0.881946047765119,-0.0788237317678085,0.067720366676827,0.0373843855296721,0.00445444317811847,1.71944332447716,0.423279880697567,-0.00188068205557586,3.53696499416506e-06,N,0.0545579816193938
CFH.4159.130.1,0.001,817,6237,0.00194233962366721,0.0517733569739616,0.958709285125676,-0.0715880615447838,0.0754727407921182,0.037516200169212,0,0.595313719396849,0.742556096959589,0.0006556740613583,4.29908474738088e-07,N,0.0183130664543979
CFH.4159.130.1,0.01,5977,6237,-0.0118529561565094,-0.314386354773237,0.753227618476409,-0.0857472802083507,0.0620413678953319,0.0377018785216006,0,1.20711167454836,0.546863616694456,-0.00398145688429129,1.58519989214705e-05,N,0.123073764157233
CFH.4159.130.1,0.05,21604,6237,-0.050235271942175,-1.32662326383487,0.184633336330621,-0.124453270709679,0.0239827268253288,0.0378670217171978,0.0269878731012887,2.42245738948857,0.29783111100057,-0.0167984068435007,0.000282186472479773,N,0.733689882522759
CFH.4159.130.1,0.1,37115,6237,-0.022988632106633,-0.454795146439887,0.649256622349844,-0.122059370516101,0.0760821063028353,0.0505472239239729,25.1643838157552,2.62160712502192,0.269603326192462,-0.00575957434928067,3.31726966848918e-05,N,0.187583611917641
CFH.4159.130.1,0.2,61247,6237,-0.00824712647830423,-0.131501291019707,0.895378765357792,-0.13116661075166,0.114672357795052,0.0627151749945047,44.972043790842,3.7231697313426,0.155426105566116,-0.00166537171941645,2.77346296383209e-06,N,0.047993209480483
CFH.4159.130.1,0.5,109065,6237,-0.00337327820033373,-0.0577919555383914,0.953914346021134,-0.117775078950892,0.111028522550225,0.058369338239348,38.4304977770589,3.18099823886757,0.20382385389512,-0.000731895446087064,5.35670944002983e-07,N,0.0204906197617486
CFH.4159.130.1,1,146571,6237,0.000802167093426807,0.0129563722479632,0.989662599839206,-0.120544964851387,0.122149299038241,0.0619129396774555,44.0258154050186,3.51899660749881,0.172131199741557,0.000164083602465178,2.69234285979505e-08,N,0.00451284176931066
CLU.4542.24.2,5e-05,50,6237,0.0485762666144449,1.28821853681167,0.197669901061811,-0.0253302409749937,0.122482774203884,0.0377080947264357,0,0.257086158285258,0.879375678852132,0.0163122371641024,0.000266089081297922,N,0.704059455106809
CLU.4542.24.2,5e-04,374,6237,-0.0214654210195291,-0.570345087044474,0.568443666301124,-0.0952303276820555,0.0522994856429973,0.037635848028012,0,0.664351850915501,0.717361109671122,-0.0072228425401173,5.21694543593281e-05,N,0.245312568138618
CLU.4542.24.2,0.001,740,6237,-0.00501989163529194,-0.0740325435565392,0.940984490289734,-0.137918294672763,0.127878511402179,0.067806553633514,51.9164967393128,4.16150208635555,0.124836419440627,-0.000937571184154027,8.79039725355984e-07,N,0.0264175347418133
CLU.4542.24.2,0.01,5738,6237,0.00647022864238571,0.0670180380902546,0.946567343164135,-0.182753679907983,0.195694137192755,0.0965445845142783,75.4781624250167,6.48244393307284,0.0391160673576413,0.000848737370064632,7.20355123344228e-07,N,0.0238484828896423
CLU.4542.24.2,0.05,21012,6237,0.0425513082147548,0.708760414520251,0.478473166801398,-0.0751175540515363,0.160220170481046,0.0600362369892754,42.2482790674353,3.75922728976239,0.152649071115373,0.00897560496542013,8.05614844952745e-05,N,0.32014241282308
CLU.4542.24.2,0.1,36550,6237,0.0841580057222661,1.26029454209116,0.20756312815911,-0.0467214472289998,0.215037458673532,0.066776458130673,51.4597534143432,4.12562714748879,0.127095872754093,0.0159587369476808,0.000254681284965273,N,0.682849792727531
CLU.4542.24.2,0.2,61014,6237,0.0663342919115573,1.09522337326761,0.273418788206996,-0.0523746639599052,0.18504324778302,0.0605669067430951,42.9445639895706,3.50978403111407,0.172925914592101,0.0138689219152401,0.000192346995091028,N,0.563171645824271
CLU.4542.24.2,0.5,109105,6237,0.0649074368869188,0.824746975578484,0.409515256028158,-0.0893413720134557,0.219156245787293,0.0786998180155705,64.1894273632037,5.47908099502555,0.0646000239459846,0.0104442874080727,0.000109083139462426,N,0.387729914451967
CLU.4542.24.2,1,146647,6237,0.0591838245176919,0.744646160379131,0.456485654769772,-0.0965923960471937,0.214960045082577,0.0794791240010676,64.8914600329975,5.62607531367021,0.0600223877712265,0.00943001567989001,8.89251957229714e-05,N,0.34057286577967
CRP.4337.49.2,5e-08,5,6237,-0.351348582823757,-3.66427365932631,0.000248041473965586,-0.53927957062022,-0.163417595027295,0.0958849189468981,73.0619040710963,7.77233213475622,0.0205238825727689,-0.0463556370604874,0.00214884508728363,Y,3.60547569655901
CRP.4337.49.2,5e-05,56,6237,-0.138489494596999,-3.66079278400989,0.000251436051051663,-0.212635844216371,-0.0643431449776267,0.0378304653576439,0,0.8628808114966,0.649572772188024,-0.0463116960323645,0.00214477318939413,Y,3.59957245278247
CRP.4337.49.2,5e-04,442,6237,-0.105509051362813,-2.80115677772016,0.00509197745429679,-0.179333530720377,-0.0316845720052499,0.0376662428186852,0.041607383658916,2.17262096925457,0.33745926082325,-0.0354524365911681,0.00125687526025079,Y,2.29311352793593
CRP.4337.49.2,0.001,823,6237,-0.0885193834368075,-1.65166440074855,0.0986029836031685,-0.193561789988166,0.0165230231145506,0.0535940493702533,31.1367065405374,2.97287535241156,0.226176937618889,-0.0209126270231721,0.000437337969010309,N,1.0061099436512
CRP.4337.49.2,0.01,5792,6237,0.0292253939828782,0.778032447946522,0.436549884488237,-0.0443971391024926,0.102847927068249,0.0375632071130368,0.0132286674636777,2.61635771973717,0.270311884225408,0.00985277124433941,9.70771011932816e-05,N,0.359966122359044
CRP.4337.49.2,0.05,21306,6237,-0.00305516615433925,-0.0812029643206509,0.93528054211681,-0.0767965089659815,0.070686176657303,0.037623825434194,0.0429810035540505,2.14400714266871,0.342321963395417,-0.00102837953366978,1.05756446527088e-06,N,0.0290581007654506
CRP.4337.49.2,0.1,36943,6237,-0.0457133578344127,-1.21516464828188,0.224303300636589,-0.119445370277765,0.0280186546089392,0.0376190649547342,0.044882418785302,1.99769787662509,0.36830313690496,-0.0153874082727851,0.000236772333353376,N,0.649164335700534
CRP.4337.49.2,0.2,61150,6237,-0.0623767849278014,-1.6555229143893,0.0978184722434935,-0.136224299128467,0.0114707292728645,0.0376779955056142,0.0538984769068274,1.65056278701227,0.43811169333251,-0.0209614603354161,0.000439382819393222,N,1.00957912439556
CRP.4337.49.2,0.5,109119,6237,-0.0518445707950688,-1.37912409792054,0.167856495101753,-0.125524301071326,0.0218351594811883,0.0375923898895252,0.0239545063840753,2.06134314489324,0.356767285019932,-0.0174630013535137,0.000304956416272821,N,0.775061849338366
CRP.4337.49.2,1,146649,6237,-0.0474689465472283,-1.26157080216053,0.207103268044376,-0.121216234814594,0.0262783417201377,0.0376268588857117,0.0518099592863573,1.96671805471812,0.37405253356319,-0.015974893729245,0.00025519722966067,N,0.683813047980323
CSF3.8952.65.3,5e-05,44,6237,0.0221663432344182,0.563856707700523,0.572851655083943,-0.0548837899201341,0.0992164763889704,0.039312014793289,3.59432611077119,1.536856384362,0.463741408127457,0.00714067800487531,5.098928236931e-05,N,0.241957827804858
CSF3.8952.65.3,5e-04,437,6237,0.0119973726123968,0.316245707988496,0.751816016643437,-0.0623575281354116,0.0863522733602053,0.0379368709498289,0,1.05294490403075,0.590684968443723,0.00400500375950523,1.6040055113651e-05,N,0.123888426339993
CSF3.8952.65.3,0.001,822,6237,0.0101749640831715,0.267617609727803,0.788993674641144,-0.0643439106922539,0.084693838858597,0.0380205327053052,0,0.210033157216822,0.900309596582289,0.00338917476601421,1.14865055945875e-05,N,0.102926478513595
CSF3.8952.65.3,0.01,5984,6237,0.0093651915220011,0.243692834557356,0.807468723294575,-0.0659568347689354,0.0846872178129376,0.0384303114164684,0,1.13590012534153,0.566685919456987,0.00308618859794729,9.52456006209988e-06,N,0.0928742907475028
CSF3.8952.65.3,0.05,21467,6237,0.0283312409625554,0.724688225985738,0.468643319882568,-0.0482923468546796,0.10495482877979,0.0390943856222012,0,0.170345411231125,0.918353665869528,0.00917729489113835,8.4222741518914e-05,N,0.329157569097154
CSF3.8952.65.3,0.1,36931,6237,0.0117397504451995,0.298650903323322,0.765206421651489,-0.0653050125340331,0.088784513424432,0.0393092748575748,0,0.300348734633561,0.860557910168383,0.00378218264500111,1.43049055601476e-05,N,0.11622139400791
CSF3.8952.65.3,0.2,61341,6237,0.0327699468417312,0.831450905786616,0.405718951565365,-0.0444780483652987,0.110017942048761,0.0394129666750778,0,0.197068037558626,0.906164865467343,0.0105291741003613,0.00011086350723572,N,0.391774705462966
CSF3.8952.65.3,0.5,109514,6237,0.0717118106352416,1.80402573836276,0.0712272721386978,-0.00619869979837787,0.149622321068861,0.0397509908591013,0,0.327711183735114,0.848864595980648,0.0228407933628559,0.000521701841444684,N,1.14735368794234
CSF3.8952.65.3,1,146794,6237,0.0754112881470382,1.89488245114169,0.0581079765853023,-0.00259007215207355,0.15341264844615,0.0397973436830353,0,0.438113964077605,0.803275944548461,0.023990485180828,0.00057554337921153,N,1.23576424714146
CXCL8.3447.64.2,5e-05,35,6237,0.0984647123761713,0.776948338628377,0.437189250447133,-0.149926693345978,0.346856118098321,0.126732637783872,86.0308290476333,17.8665359133369,0.000131926190233261,0.0098390437367238,9.68067816531638e-05,N,0.359330524967729
CXCL8.3447.64.2,5e-04,371,6237,0.0496805217533964,0.998748904129341,0.317916343753817,-0.0478134859668921,0.147174529473685,0.0497427547084073,24.3498611160941,2.2278793541629,0.328263159385382,0.0126474610212765,0.00015995827028471,N,0.497687144876537
CXCL8.3447.64.2,0.001,705,6237,-0.000527255573865539,-0.0140788960377277,0.988767037310445,-0.0739280344882929,0.0728735233405618,0.0374500651508922,0,0.487071156149881,0.783851587605642,-0.000178299598897692,3.17907469670779e-08,N,0.00490602016059837
CXCL8.3447.64.2,0.01,5611,6237,-0.0370377711884407,-0.980432522829511,0.326872662425916,-0.111079274205372,0.0370037318284909,0.0377769712101659,0,0.27747408407138,0.870456891938519,-0.0124155512036051,0.000154145911689339,N,0.485621399560447
CXCL8.3447.64.2,0.05,21045,6237,0.0253280019348585,0.552118080468438,0.580867455166656,-0.0645838726238689,0.115239876493586,0.0458742483371842,14.0358542879327,1.82475735250282,0.401567887080231,0.0069920274440814,4.88884477787874e-05,N,0.235922955487068
CXCL8.3447.64.2,0.1,36639,6237,0.00560564132713836,0.146263082638093,0.883713708179371,-0.0695114347885478,0.0807227174428246,0.0383257430790566,0,0.69804450819399,0.705377432557484,0.00185231885891382,3.4310851550878e-06,N,0.0536884081722113
CXCL8.3447.64.2,0.2,60863,6237,-0.00527301775207941,-0.137433712656052,0.89068798501517,-0.0804723606511587,0.0699263251469999,0.0383677166990017,0,1.66285357150227,0.435427581038608,-0.00174050146043404,3.02934533377302e-06,N,0.05027440608421
CXCL8.3447.64.2,0.5,108923,6237,0.0200432061330607,0.457506960208792,0.647306700662541,-0.0658220714959031,0.105908483762024,0.0438096201288687,9.14014024637264,1.91650470939023,0.383562631998342,0.00579391589927677,3.35694614478922e-05,N,0.188889897314366
CXCL8.3447.64.2,1,146862,6237,0.0266329018262702,0.595882024783484,0.5512540422735,-0.0609675395568166,0.114233343209357,0.0446949240261903,10.6861645319113,1.93063865975324,0.380861559843831,0.0075462239559229,5.69454959929447e-05,N,0.258648212888026
FGA.FGB.FGG.4907.56.1,5e-05,52,6237,0.0765954158353751,1.34126457599225,0.179834566734575,-0.0353319839523541,0.188522815623104,0.0571068655702851,37.0239741849692,2.88964306868002,0.235788152889484,0.0169837497122837,0.000288447754289496,N,0.745126827067649
FGA.FGB.FGG.4907.56.1,5e-04,432,6237,0.029496734927919,0.787009171195448,0.431276497446924,-0.0439617967337008,0.102955266589539,0.0374795313796842,0,0.605201305622321,0.738894112746357,0.00996643856725697,9.93298977149072e-05,N,0.365244208228322
FGA.FGB.FGG.4907.56.1,0.001,768,6237,0.0391384706666236,1.04467268613937,0.296174272861065,-0.0342912206944522,0.112568162027699,0.0374648166702449,0,0.347785873846206,0.840386867245926,0.0132289082985833,0.000175004014772325,N,0.528452669108996
FGA.FGB.FGG.4907.56.1,0.01,5884,6237,-0.0184734915646242,-0.493265675019822,0.621824878418213,-0.0918768925491199,0.0549299094198715,0.0374514029663261,0,0.313734877645936,0.854817366903697,-0.00624675096553963,3.90218976254703e-05,N,0.206331906378373
FGA.FGB.FGG.4907.56.1,0.05,21267,6237,-0.0213004328680437,-0.459117625462029,0.646149700281548,-0.112231555877024,0.0696306901409369,0.0463942826124529,17.0951658135509,1.94909800815218,0.377362504142869,-0.00581431284380954,3.38062338456886e-05,N,0.189666852787585
FGA.FGB.FGG.4907.56.1,0.1,36847,6237,-0.0141226250493651,-0.306280021496107,0.759391449301368,-0.104496905189184,0.0762516550904534,0.0461101738872139,16.6910738426622,2.0178870261274,0.364603975501168,-0.00387879808903284,1.50450746154848e-05,N,0.119534297296484
FGA.FGB.FGG.4907.56.1,0.2,61035,6237,-0.00574860821411017,-0.152154302224872,0.87906523576168,-0.0797988644088723,0.068301647980652,0.0377814371992859,0,1.37054302996104,0.503953380105143,-0.00192692673133018,3.71304662791482e-06,N,0.0559788945735006
FGA.FGB.FGG.4907.56.1,0.5,109208,6237,-0.0136548296828392,-0.360457549720169,0.718504996369076,-0.0879020591115752,0.0605923997458968,0.0378819355939133,0,1.38919399778813,0.499275616072376,-0.00456490109359491,2.0838321994304e-05,N,0.143570207504738
FGA.FGB.FGG.4907.56.1,1,146703,6237,-0.0187814820300021,-0.496317055910309,0.619670734597051,-0.0929498546795664,0.0553868906195621,0.0378417018040101,0,1.07656186135742,0.583750898578928,-0.00628539234435128,3.95061569224297e-05,N,0.2078390139409
GC.6581.50.3,5e-08,1,6237,0.0221711319746198,0.589928036663564,0.555238896651634,-0.0514897511603877,0.0958320151096273,0.0375827738244351,0,1.08773015856356,0.580500231365527,0.00747082713983456,5.58132581532886e-05,N,0.255520117464118
GC.6581.50.3,5e-05,53,6237,0.0337623525914941,0.898804040561433,0.368757047524867,-0.0398610315127166,0.107385736695705,0.037563641314301,0,0.0143611821929376,0.992845127752115,0.0113820019052324,0.000129549967370714,N,0.433259670886559
GC.6581.50.3,5e-04,374,6237,0.0256687970756869,0.679218417075685,0.496999479611726,-0.0484015115761578,0.0997391057275316,0.0377916682327338,0,1.59679965763696,0.450048542947734,0.00860151909809806,7.39861307949457e-05,N,0.303644065998809
GC.6581.50.3,0.001,771,6237,0.0357056197384029,0.944985215723654,0.344666423910353,-0.0383502782465844,0.10976151772339,0.0377843157165799,0.0777422732559424,2.02268789581368,0.363729817014422,0.01196673535848,0.000143202755139896,N,0.462601021845001
GC.6581.50.3,0.01,5658,6237,0.00471907804234971,0.108973306342602,0.913223662675311,-0.0801569646663163,0.0895951207510157,0.0433048991604731,9.89104141834378,2.00605176235521,0.366767964141539,0.00138007117640151,1.90459645193424e-06,N,0.0394228439665431
GC.6581.50.3,0.05,20826,6237,-0.00784513164100352,-0.202809108537058,0.839284238305096,-0.0836611321217359,0.0679708688397288,0.0386823436954757,0,1.3143487573834,0.518313825886025,-0.00256843035912021,6.59683450965036e-06,N,0.0760909328280336
GC.6581.50.3,0.1,36304,6237,0.0156076660921711,0.342851438632561,0.731710226193663,-0.0736160033355851,0.104831335519927,0.0455231168182381,11.8070524200807,1.75569471318659,0.415676753097379,0.00434193835708204,1.88524286967003e-05,N,0.13566087533637
GC.6581.50.3,0.2,60461,6237,0.0049890816587735,0.108133171247842,0.913890055565271,-0.0854403421182579,0.0954185054358049,0.0461383089129837,12.6447251908634,1.78773402082292,0.4090708091527,0.00136943146944327,1.87534254950155e-06,N,0.0391060483945626
GC.6581.50.3,0.5,109069,6237,0.0126686112742992,0.251835703969729,0.801168058736824,-0.0859275029397086,0.111264725488307,0.0503050642724669,18.9168639598956,2.06665936972633,0.35582021673442,0.00318931095398184,1.01717043611886e-05,N,0.0962763736456407
GC.6581.50.3,1,146666,6237,-0.000570477263268258,-0.012498738764763,0.990027708953439,-0.0900286946921336,0.088887740165597,0.0456427863646987,11.1493896399244,1.77655417788924,0.411363885938797,-0.000158287987212756,2.50550868958658e-08,N,0.00435265017298091
HP.3054.3.2,5e-08,45,6237,-0.0158895265353933,-0.156435672480947,0.875689620721444,-0.214967519724942,0.183188466654155,0.101572271102862,77.5890862055147,7.26154772944807,0.0264956724069451,-0.00198114705067228,3.92494363638749e-06,N,0.0576497978201487
HP.3054.3.2,5e-05,119,6237,-0.0150136068633862,-0.139580159220118,0.888991717789367,-0.225832457441393,0.19580524371462,0.107562614538287,79.9413240046069,7.93415016479277,0.0189287171831982,-0.00176768461457779,3.12470889661503e-06,N,0.0511022850760531
HP.3054.3.2,5e-04,518,6237,0.0214078997890928,0.378224056960738,0.705264155687151,-0.0895282286751528,0.132344028253338,0.0566011056015802,36.5647655360745,3.45638082285023,0.177605512256555,0.00478989438714141,2.29430882399688e-05,N,0.151648188157184
HP.3054.3.2,0.001,882,6237,0.0322182811658688,0.857527933284937,0.391153184057894,-0.0414197523929818,0.105856314724719,0.0375711156631949,0.0440058385240347,2.58863633022783,0.27408468113244,0.0108593651844732,0.000117925812209749,N,0.407653130167681
HP.3054.3.2,0.01,6085,6237,0.00293945577844223,0.0780665424976806,0.937775121164023,-0.0708594762040531,0.0767383877609376,0.0376532082041364,0,0.169514846941515,0.91873512094984,0.000988658954222182,9.77446527763698e-07,N,0.0279012931204183
HP.3054.3.2,0.05,21571,6237,0.00965242853183737,0.256223799569213,0.797778032475116,-0.0641830712053277,0.0834879282690024,0.0376718655646583,0,0.479414334318807,0.786858245267986,0.0032448823247078,1.05292613012011e-05,N,0.0981179265448408
HP.3054.3.2,0.1,37136,6237,0.0323760515141351,0.858249492699792,0.390754712212776,-0.041560368453566,0.106312471481836,0.0377233564243538,0,0.225010918176017,0.893592468895269,0.0108685016238696,0.000118124327548056,N,0.408095776007005
HP.3054.3.2,0.2,61201,6237,0.0221268281524782,0.587166883266778,0.557091631554341,-0.0517325591986646,0.095986215503621,0.0376840533467636,0,0.373205868689029,0.829773145400455,0.00743586193187593,5.52920426699216e-05,N,0.254073365319176
HP.3054.3.2,0.5,109288,6237,0.000174386422132665,0.00462444165827066,0.996310242549731,-0.0737353159873548,0.0740840888316201,0.037709724766617,0,0.041932897119438,0.979251819327231,5.85653947779834e-05,3.42990546550105e-09,N,0.00160540490230425
HP.3054.3.2,1,146501,6237,-0.00141378175395535,-0.0375039947929223,0.970083155005164,-0.075298212867285,0.0724706493593743,0.0376968310112434,0,0.0105748991508732,0.994726504381622,-0.000474962423386006,2.25589303628708e-07,N,0.0131910366492034
IGFBP2.2570.72.5,5e-05,65,6237,0.010918913041742,0.215887198381274,0.829075676023824,-0.0882100602026269,0.110047886286111,0.050576936120401,26.5318319951268,3.32770075034345,0.189408281328309,0.00273405368715783,7.47504956426131e-06,N,0.0814058262898186
IGFBP2.2570.72.5,5e-04,430,6237,-0.0429860742101214,-1.13678221470994,0.255629340107585,-0.117099792914017,0.0311276444937743,0.037813816625456,0.247503958490942,2.40825525386176,0.299953556813837,-0.0143950785769311,0.000207218287236022,N,0.592389301078807
IGFBP2.2570.72.5,0.001,779,6237,-0.0302963238221813,-0.419208417720993,0.6750638206917,-0.171943535675066,0.111350888030704,0.0722703136231992,58.1401653726782,4.53520447312198,0.1035601954736,-0.00530891345396236,2.81845620616626e-05,N,0.170655166925996
IGFBP2.2570.72.5,0.01,5822,6237,-0.0247556706286168,-0.655713431090494,0.512008525390174,-0.0987517496238764,0.0492404083666429,0.0377537952630412,0,0.386943467822518,0.824093129755437,-0.0083038764108231,6.89543634462243e-05,N,0.290722807580647
IGFBP2.2570.72.5,0.05,21390,6237,-0.0506011548499058,-1.34176301406485,0.179672848039014,-0.124516175641466,0.0233138659416541,0.0377124382767195,0,1.15608419936088,0.560995665606764,-0.0169900593580107,0.000288662116988727,N,0.74551754803169
IGFBP2.2570.72.5,0.1,37037,6237,-0.0879876039470242,-1.91626123962748,0.0553318518835251,-0.17798187573831,0.00200666784426182,0.0459162885140489,15.823429643771,2.19611845479841,0.333517738078496,-0.0242609965824897,0.000588595955175579,N,1.25702479428364
IGFBP2.2570.72.5,0.2,61357,6237,-0.0608951485714511,-1.60370617683185,0.108778833735101,-0.135317944815239,0.0135276476723363,0.0379715121455419,0,1.84023341278116,0.398472534079536,-0.0203056558130033,0.000412319657996155,N,0.963455601754764
IGFBP2.2570.72.5,0.5,109231,6237,-0.0669783735031815,-1.75806222061411,0.0787369230453666,-0.141648768139983,0.00769202113362029,0.0380978401775708,0,1.23270826760536,0.539909290654957,-0.0222591407691973,0.000495469347782944,N,1.10382156097745
IGFBP2.2570.72.5,1,146827,6237,-0.0712388524996099,-1.87057495343757,0.0614040189271354,-0.145881990932852,0.0034042859336325,0.0380839336957301,0,1.06830963269082,0.58616449749692,-0.0236829096567421,0.000560880209809408,N,1.21180320311359
IL10.2773.50.2,5e-05,48,6237,-0.0338585076010142,-0.901543152994963,0.367299600525599,-0.107467247513028,0.039750232311,0.0375561696503765,0,0.196768879145736,0.906300419026572,-0.0114166841319756,0.000130340676569303,N,0.434979543992366
IL10.2773.50.2,5e-04,415,6237,-0.0460872807303691,-1.19309767887021,0.232831120463962,-0.121797268249955,0.0296227067892168,0.0386282544560903,2.10022171103366,2.3402835287458,0.310322945409284,-0.0151080426349629,0.000228252952259856,N,0.632958971863695
IL10.2773.50.2,0.001,789,6237,0.0153132351760312,0.396620860198695,0.691647067423234,-0.0603595103693676,0.09098598072143,0.0386092530996976,2.0405274707315,1.75137809201123,0.416574881506022,0.00502286891993733,2.52292121868724e-05,N,0.160115460125341
IL10.2773.50.2,0.01,5691,6237,-0.0164490219907598,-0.433072117031176,0.664962378618828,-0.0908927218156455,0.0579946778341258,0.0379821774339162,0.0744884608214166,2.03684530964099,0.361164171682982,-0.00548448006528262,3.00795215864825e-05,N,0.177202924953185
IL10.2773.50.2,0.05,21048,6237,0.000919858534313756,0.0165314909934984,0.986810379337638,-0.108138035810232,0.10997775287886,0.0556428052784545,30.7397871515113,2.60795101847835,0.271450491159767,0.000209360037014075,4.38316250985349e-08,N,0.00576629121984121
IL10.2773.50.2,0.1,36769,6237,0.0412351442452805,0.496737971210421,0.619373841989703,-0.121465116862458,0.203935405353019,0.0830118626623233,63.7981525114927,5.71396340613098,0.0574418755142071,0.00629072263296872,3.95731912449448e-05,N,0.208047140147161
IL10.2773.50.2,0.2,60985,6237,0.042442233447007,0.407029119459204,0.683986601160115,-0.161929505582619,0.246813972476633,0.104273211468009,76.7670585013416,9.13869359520713,0.0103647277719374,0.00515467729377335,2.65706980029426e-05,N,0.164952405734885
IL10.2773.50.2,0.5,109340,6237,0.0442932830045916,0.408266563719284,0.683077984159576,-0.168345338819288,0.256931904828471,0.108491086316456,77.9761648555267,9.69782930746526,0.00783687866206943,0.00517034805359521,2.67324989953157e-05,N,0.165529711901459
IL10.2773.50.2,1,146805,6237,0.0456707172431062,0.420329153063582,0.674245015665404,-0.167288484592366,0.258629919078579,0.108654650552392,77.9098166630442,9.63033741930934,0.00810585442663683,0.00532310619990702,2.83354596154886e-05,N,0.171182255371196
IL13.3072.4.2,5e-05,54,6237,-0.0605429215517694,-1.60320824237227,0.108888686351137,-0.134558225754995,0.0134723826514561,0.0377636042228576,0,1.50584077522733,0.470989071679602,-0.0202993537117061,0.000412063761112958,N,0.963017241552942
IL13.3072.4.2,5e-04,414,6237,0.0283288920743952,0.75325285534246,0.451297983016836,-0.0453828871693667,0.102040671318157,0.0376087417040267,0,1.28308692672753,0.526479195260409,0.00953899888546436,9.09924997368902e-05,N,0.345536607465043
IL13.3072.4.2,0.001,781,6237,0.0740574485742876,1.0712547676174,0.284054892000599,-0.0614378009034462,0.209552698052021,0.069131499632903,53.5595233012193,4.34913847312049,0.113657102451739,0.0135654615693391,0.000184021747589216,N,0.546597726891665
IL13.3072.4.2,0.01,5693,6237,0.063438680265196,1.66321862103636,0.0962686815318151,-0.0113184965568507,0.138195857087243,0.0381421176163041,0,1.33482576048436,0.513034143117154,0.0210588566778043,0.000443475444576302,N,1.01651497611647
IL13.3072.4.2,0.05,21169,6237,0.0568178577425225,1.47776524174001,0.139470624817491,-0.0185398186384303,0.132175534123475,0.0384485005721353,0,0.818609875582406,0.664111688690721,0.0187116108435006,0.000350124380358609,N,0.855517253487579
IL13.3072.4.2,0.1,36699,6237,0.0594291633858913,1.53237434143742,0.125430085447989,-0.016582955009691,0.135441281781474,0.0387824056947762,0,1.06480183472934,0.587193472907313,0.0194028210300709,0.000376469463924962,N,0.901598281871059
IL13.3072.4.2,0.2,60777,6237,0.032673254866297,0.838479551062216,0.401761427717532,-0.0437011811166844,0.109047690849279,0.0389672650035477,0,0.951540660067861,0.621406184196898,0.0106181721643707,0.000112745580112217,N,0.39603176129995
IL13.3072.4.2,0.5,109054,6237,0.0201524001906326,0.515924448717425,0.605907177580803,-0.0564052792794314,0.0967100796606966,0.039060758296551,0,0.1479196465745,0.928709005566696,0.00653369127771991,4.26891217125532e-05,N,0.217593902817428
IL13.3072.4.2,1,146507,6237,0.0195223970464697,0.499746115288143,0.61725385680523,-0.0570428706613345,0.096087664754274,0.0390646299175604,0,0.117337501323245,0.943019091876158,0.00632881644792643,4.00539176315441e-05,N,0.209536187772707
IL3.4717.55.2,5e-05,46,6237,-0.021745089101352,-0.581299490053148,0.561038624238978,-0.0950628748702121,0.0515726966675081,0.0374077209311913,0,0.148826529631318,0.928287985796902,-0.00736156150592757,5.41925878055546e-05,N,0.251007239071047
IL3.4717.55.2,5e-04,430,6237,-0.0229900378566211,-0.458232564121957,0.646785366844463,-0.121323612836241,0.0753435371229986,0.0501711132221115,24.1351570099552,2.4644087607977,0.291648963297982,-0.00580310471376445,3.36760243189151e-05,N,0.189239814323139
IL3.4717.55.2,0.001,800,6237,-0.103815997330925,-1.12667726109832,0.259878959832567,-0.284413958089772,0.0767819634279217,0.0921435098723142,72.2879011786267,7.83683125103379,0.0198725553847369,-0.0142671456644495,0.000203551445410619,N,0.585228880170023
IL3.4717.55.2,0.01,5761,6237,-0.0104488456520042,-0.274182463139556,0.783944404293147,-0.0851413001709583,0.06424360886695,0.0381090954263031,0.0098227181449481,2.6683104188839,0.263380582928566,-0.00347231268245913,1.20569553647665e-05,N,0.105714735484996
IL3.4717.55.2,0.05,21008,6237,0.00926427363863364,0.239436893008294,0.810766825333018,-0.0665705003868414,0.0850990476641086,0.0386919222106376,0.0107431345507199,2.44197452946443,0.294938840424176,0.00303229076191705,9.19478726480746e-06,N,0.091104029921761
IL3.4717.55.2,0.1,36779,6237,-0.0302317331102251,-0.462362261424022,0.643821557608522,-0.158384727050032,0.0979212608295822,0.0653853820532733,40.1548807668093,3.55577267574473,0.168994968300459,-0.00585540184357549,3.42857307497473e-05,N,0.191234485566406
IL3.4717.55.2,0.2,61223,6237,-0.0459946071728291,-0.38827776368662,0.697810490974126,-0.278168020056115,0.186178805710457,0.118457999593176,79.1925210996283,8.24043621625798,0.0162409717676557,-0.00491721321638112,2.41789858153531e-05,N,0.156262505598823
IL3.4717.55.2,0.5,109063,6237,-0.0216429720345109,-0.285055747252443,0.775601432640663,-0.170454024310831,0.12716808024181,0.0759254014104969,52.6171364509697,4.21039895812156,0.121821371032491,-0.00361001280828318,1.30321924759686e-05,N,0.110361397391992
IL3.4717.55.2,1,146552,6237,-0.0232165280918282,-0.358954787874207,0.719628912292289,-0.149983353450324,0.103550297266668,0.0646781401895223,38.7267339230422,3.41161360019805,0.181625791340517,-0.00454587023367253,2.06649361813899e-05,N,0.142891396470513
KITLG.9377.25.3,5e-08,1,6237,-0.0142710885234815,-0.381019241132153,0.703188971181486,-0.087681605648797,0.059139428601834,0.0374550337171337,0,0.986290017529654,0.610702705399799,-0.00482529225815759,2.32834453766356e-05,N,0.152927949357185
KITLG.9377.25.3,5e-05,51,6237,0.0250879342058706,0.61373807004222,0.539388426983308,-0.0550300345012593,0.105205902913001,0.040877265775846,6.55043832756999,1.87818987682442,0.390981537644457,0.0077723386722624,6.04092484363456e-05,N,0.268098375923927
KITLG.9377.25.3,5e-04,404,6237,0.037560880987765,0.598553262187096,0.549470831024593,-0.085432307111514,0.160554069087044,0.0627527796783173,45.4806603633804,3.77206313930468,0.151672517934989,0.0075800504504731,5.74571648317175e-05,N,0.260055357401179
KITLG.9377.25.3,0.001,768,6237,-0.00918135744437942,-0.173447879640127,0.862299392866895,-0.112930852436818,0.0945681375480588,0.052934388494279,30.0482496662514,2.68726814094683,0.260895829903226,-0.00219659362278952,4.82502354367958e-06,N,0.0643419196800109
KITLG.9377.25.3,0.01,5814,6237,-0.0294848983831435,-0.786717722491877,0.431447127131388,-0.10294115501321,0.0439713582469227,0.0374783706279706,0,1.47291776254099,0.478806427467664,-0.00996274811822274,9.92563500671507e-05,N,0.365072418493425
KITLG.9377.25.3,0.05,21101,6237,-0.0416362666577647,-0.883784720688954,0.376812435991954,-0.133972761269608,0.0507002279540783,0.0471113221162131,18.9587972231442,2.14823227435537,0.341599549050734,-0.0111918288251329,0.000125257032451075,N,0.423874772562922
KITLG.9377.25.3,0.1,36588,6237,-0.11909619207099,-1.29791515330265,0.194316492343022,-0.29894172863094,0.0607493444889604,0.0917596129207215,72.7930532765776,7.94963853395686,0.0187826958413125,-0.0164349888082196,0.000270108857126302,N,0.711490337693556
KITLG.9377.25.3,0.2,61211,6237,-0.144689764183418,-1.56775941342853,0.11693729012976,-0.325576400424956,0.0361968720581195,0.0922907959882674,72.6808538600874,8.13139551968021,0.0171510178060417,-0.0198506898761275,0.00039404988855819,N,0.932046974594238
KITLG.9377.25.3,0.5,109374,6237,-0.105602979772332,-1.48588336442276,0.137309974543538,-0.244899267737901,0.0336933081932381,0.0710708406196854,55.9558039429815,4.65754884318797,0.0974150637571938,-0.0188143670352332,0.000353980406936471,N,0.862297913368676
KITLG.9377.25.3,1,146815,6237,-0.0994677058681107,-1.40064542447167,0.161320130235185,-0.238655767114844,0.0397203553786227,0.0710156218913363,55.8932140293479,4.64613017828022,0.09797282946202,-0.0177354276337455,0.000314545393351822,N,0.792311436054454
MMP9.2579.17.5,5e-08,2,6237,-0.0148301384447826,-0.363899249092336,0.71593324540735,-0.094705371246215,0.0650450943566498,0.0407534186502803,7.51981396233745,1.69695573695455,0.428066009076733,-0.00460848648983644,2.1238147727005e-05,N,0.145127470014456
MMP9.2579.17.5,5e-05,61,6237,-0.0331860126199439,-0.552791426235171,0.580406240091817,-0.150849540740423,0.0844775155005352,0.0600335154363009,42.6019456668147,3.66101905417656,0.160331853536641,-0.00700055428219145,4.9007760257909e-05,N,0.236267927001231
MMP9.2579.17.5,5e-04,429,6237,-0.0877547007232496,-1.3856553944458,0.165852154691845,-0.211880838853322,0.0363714374068233,0.0633308260300516,46.4319407584418,3.90290886610375,0.142067293882987,-0.0175456777498686,0.000307850807702235,N,0.780278881909346
MMP9.2579.17.5,0.001,792,6237,-0.114372059988993,-1.22654511286447,0.219993609554553,-0.297133473380928,0.068389353402942,0.0932473325191349,73.0317562072965,6.35795724103154,0.0416281515549506,-0.01553148241811,0.00024122694610406,N,0.657589934520992
MMP9.2579.17.5,0.01,5737,6237,-0.0491289139086568,-0.90129024459975,0.367434019280443,-0.155965643183695,0.0577078153663812,0.0545095369699405,32.3696554055119,3.15968548413174,0.206007491970331,-0.0114134818459078,0.000130267567846867,N,0.434820636539186
MMP9.2579.17.5,0.05,21234,6237,-0.00280097780315979,-0.0553514688623557,0.955858458759768,-0.10198200639232,0.0963800507860004,0.0506034954578183,23.9380560238391,3.39061161068776,0.18354309198629,-0.000700988373108909,4.91384699233875e-07,N,0.0196064122537934
MMP9.2579.17.5,0.1,36620,6237,0.00605069141317819,0.0802347263121946,0.936050571578547,-0.141754851105293,0.15385623393165,0.0754123768009733,59.413985136191,4.58758236081585,0.100883269262816,0.00101611747986826,1.03249473289383e-06,N,0.0287006871975762
MMP9.2579.17.5,0.2,60996,6237,-0.00229057701738326,-0.0599184559784547,0.952220580558859,-0.0772165473978729,0.0726353933631064,0.0382282383612638,0,1.07229067676764,0.584998884620442,-0.000758826099209981,5.75817048842236e-07,N,0.0212624362551685
MMP9.2579.17.5,0.5,109465,6237,0.00515686593105726,0.134492233011597,0.893013352451515,-0.0699944738277398,0.0803082056898543,0.038343224850855,0,1.06229625877952,0.587929562815137,0.00170324979558965,2.90105986617619e-06,N,0.0491420474354626
MMP9.2579.17.5,1,146714,6237,0.00708434945741476,0.184558939754625,0.853574993922606,-0.0681494474471907,0.0823181463620203,0.0383852955962661,0,0.721014633872859,0.697322472820132,0.00233730652467927,5.46300179030829e-06,N,0.0687583163583056
NPPB.3723.1.2,5e-05,47,6237,0.0274434017586422,0.732722422771427,0.463727745102309,-0.0459651324810437,0.100851935998328,0.037454022022202,0,0.621414679626711,0.732928343430529,0.00927902950873402,8.61003886239568e-05,N,0.333736919233892
NPPB.3723.1.2,5e-04,414,6237,0.0457751374692828,1.21692830233664,0.223631496188972,-0.0279495188271448,0.11949979376571,0.0376153117495823,0,0.375736467381804,0.828723897927986,0.0154097358030468,0.000237459957519702,N,0.650467030580874
NPPB.3723.1.2,0.001,783,6237,0.0732944463543138,1.94785063277762,0.0514328382750182,-0.0004558056947397,0.147044698403367,0.0376283710470121,0,1.26047137940124,0.532466289396242,0.0246606956633841,0.000608149910602052,N,1.28875950886641
NPPB.3723.1.2,0.01,5615,6237,0.0163372330797468,0.43368738939137,0.664515465298669,-0.0574956456864009,0.0901701118458945,0.0376705283099751,0,1.30186775144532,0.521558478457424,0.00549227171739619,3.01650486177101e-05,N,0.177494907248389
NPPB.3723.1.2,0.05,20740,6237,0.0202131928209423,0.533072388986457,0.593983471387706,-0.0541052876708639,0.0945316733127485,0.0379182888451119,0,0.146848630704413,0.929206469794656,0.00675084385519254,4.55738927571909e-05,N,0.226225639842015
NPPB.3723.1.2,0.1,36271,6237,0.000164461644115301,0.00433101898616197,0.996544357621733,-0.0742611874546622,0.0745901107428928,0.0379729677105485,0,0.058481015789876,0.971182859230706,5.48493970759316e-05,3.00845635959321e-09,N,0.00150336546163483
NPPB.3723.1.2,0.2,60641,6237,0.0148646838495053,0.391106780474528,0.695718308938393,-0.0596271082673589,0.0893564759663694,0.038006714768458,0,0.310799563875581,0.85607286659382,0.00495303947274716,2.45326000185915e-05,N,0.157566567339081
NPPB.3723.1.2,0.5,109145,6237,0.00953787064099501,0.250943834296335,0.801857533589084,-0.0649564200753768,0.0840321613573668,0.0380079895875502,0,0.0808472559456029,0.960382508069707,0.0031780162054825,1.00997870023094e-05,N,0.0959027861699999
NPPB.3723.1.2,1,146702,6237,0.0146843439517866,0.38621179021616,0.699339822558733,-0.0598363879657758,0.089205075869349,0.0380214802442149,0,0.120537697031171,0.94151137561946,0.00489105001742824,2.39223702729848e-05,N,0.155311740993142
PLG.3710.49.2,5e-08,6,6237,-0.0336485784258268,-0.888230217562587,0.374416927558287,-0.107897349230503,0.0406001923788492,0.0378827220246601,0,1.11720032768009,0.572009222866387,-0.0112481173757845,0.000126520144499425,N,0.426644524840529
PLG.3710.49.2,5e-05,52,6237,-0.0222060894475318,-0.589924745246975,0.555241103400034,-0.0959835261550158,0.0515713472599522,0.0376422410255653,0.0629367105016534,1.91665292150073,0.383534208737924,-0.00747078545978134,5.58126353860803e-05,N,0.255518391402139
PLG.3710.49.2,5e-04,442,6237,-0.01854985642912,-0.494374069881829,0.621042023215256,-0.0920914370548078,0.0549917241965678,0.0375219040787353,0.00864880192340405,2.83435435755437,0.242397296287852,-0.00626078720590934,3.91974564376781e-05,N,0.206879012008574
PLG.3710.49.2,0.001,805,6237,0.0147561621638807,0.228590939828246,0.819186867106052,-0.111764803246951,0.141277127574712,0.0645526991357048,49.2930770945039,4.02520595503903,0.133640358686775,0.00289493598314223,8.38065434649167e-06,N,0.0866170187572717
PLG.3710.49.2,0.01,5848,6237,0.0347327525574159,0.528617497231162,0.597070819912398,-0.0940464582198387,0.163511963334671,0.0657048863106917,50.362880587834,4.04865795836182,0.132082443527613,0.00669442951863389,4.48153865799568e-05,N,0.223974153170412
PLG.3710.49.2,0.05,21128,6237,-0.00183250122562036,-0.0359931513265376,0.971287819867176,-0.10161916261732,0.0979541601660794,0.050912497463629,26.0197117815159,3.3593978282475,0.186430099059796,-0.000455828629082696,2.0777973909141e-07,N,0.012652057364939
PLG.3710.49.2,0.1,36714,6237,-0.0179084827687849,-0.476890378813432,0.633440183448668,-0.0915102638152135,0.0556932982776436,0.0375526191435098,0.0143523392101402,1.62397829197705,0.443974058087149,-0.00603938076427016,3.64741200158365e-05,N,0.19829438981716
PLG.3710.49.2,0.2,60965,6237,-0.0308346805436479,-0.479666937906088,0.631464240776759,-0.156828070048805,0.0951587089615092,0.0642835228090806,48.2817066721839,3.91986554219503,0.140867890996417,-0.00607454205362476,3.69000611612557e-05,N,0.199651238098433
PLG.3710.49.2,0.5,109091,6237,-0.0271068780119475,-0.712815531209631,0.475959913622938,-0.101640193169349,0.0474264371454537,0.0380279003825124,0.863767695890742,2.09611755519847,0.350617715878434,-0.00902695400711318,8.14858986465367e-05,N,0.322429622963248
PLG.3710.49.2,1,146621,6237,-0.026564112710119,-0.706204093456753,0.480061225112245,-0.100288839988671,0.0471606145684327,0.0376153479656172,0.0624862485686687,2.33008224486345,0.311909835278009,-0.00894323480322855,7.99814487456783e-05,N,0.318703370889505
PPY.4588.1.2,5e-08,1,6237,-0.0277266900991613,-0.242048147156078,0.808742856158072,-0.252241170558364,0.196787790360041,0.114550309204732,82.676307482951,9.01554438061154,0.0110229899657146,-0.0030653600509872,9.39643224218827e-06,N,0.0921895425456008
PPY.4588.1.2,5e-05,49,6237,0.00199790173760354,0.0532159876183355,0.957559817387469,-0.0715855386081271,0.0755813420833342,0.0375432614712043,0.0294479390219764,2.8257761501181,0.243439196243846,0.000673943980967907,4.54200489482871e-07,N,0.0188340867589559
PPY.4588.1.2,5e-04,402,6237,0.00561247839046652,0.149273973380903,0.881337451390542,-0.068079239329503,0.079304196110436,0.0375985060446214,0.012124031946251,1.98955004586345,0.369806633198105,0.00189044953327069,3.57379943784335e-06,N,0.0548577746564264
PPY.4588.1.2,0.001,768,6237,0.0495025889235313,0.583027708868242,0.559874647194022,-0.11691024181474,0.215915419661803,0.0849060656475907,68.2559574860917,5.38075023990679,0.0678554806522833,0.00738344643234496,5.45152812193075e-05,N,0.251909198218589
PPY.4588.1.2,0.01,5715,6237,0.0353415949188136,0.940264552013508,0.347081877555601,-0.0383273028916436,0.109010492729271,0.0375868630197025,0,1.44455727081352,0.485644387728464,0.0119069641543948,0.000141775795374042,N,0.459568061877626
PPY.4588.1.2,0.05,21096,6237,0.0541097944843449,1.43851438382053,0.150288159243114,-0.0196143542575779,0.127833943226268,0.0376150527884438,0,0.922061942785744,0.630633145508683,0.0182147797087375,0.000331778199837834,N,0.823075234835235
PPY.4588.1.2,0.1,36787,6237,0.0746049383047273,1.08115641253722,0.279627543136019,-0.0606419052143773,0.209851781823832,0.0690047595700301,53.6664511972105,4.32296645540016,0.11515419441691,0.0136908242058726,0.000187438667436106,N,0.553420053087832
PPY.4588.1.2,0.2,61134,6237,0.064372440153909,1.021175085085,0.307171494286692,-0.0591790116405883,0.187923891948406,0.0630376133281302,46.0204022968826,3.6770089094928,0.159055122453242,0.0129314036012192,0.000167221199097624,N,0.512619089579343
PPY.4588.1.2,0.5,109583,6237,0.0637260213762342,1.02742647601007,0.304219689811254,-0.057840542939386,0.185292585691854,0.0620248970259258,44.3657482125377,3.5314033245413,0.171066713305967,0.0130105532180674,0.000169274495040165,N,0.516812680816731
PPY.4588.1.2,1,146808,6237,0.0654006739432199,0.988187373153167,0.323060890977029,-0.0643145693150948,0.195115917201535,0.0661824626786471,50.0542843083021,3.9878152975566,0.136162310025569,0.0125137381988601,0.00015659364370961,N,0.490715613510986
RETN.3046.31.1,5e-08,2,6237,-0.0786781936596144,-2.07789927279696,0.0377186375283451,-0.152890850625388,-0.00446553669384037,0.037864296258071,0,1.52560987249655,0.466356490499733,-0.0263060682337625,0.000692009225919369,Y,1.42344400322549
RETN.3046.31.1,5e-05,58,6237,-0.0252895667516975,-0.67287037353944,0.5010297617555,-0.0989540376024761,0.0483749040990812,0.0375846043253012,7.13801743948682e-05,2.00399608108944,0.367145136961493,-0.00852113430147969,7.26097297838538e-05,N,0.300136475764916
RETN.3046.31.1,5e-04,415,6237,-0.0332249044608222,-0.44796456295893,0.65417877178347,-0.178592689141965,0.11214288022032,0.0741685999476444,59.8664569491138,4.63261653494264,0.0986370559017992,-0.00567307391515578,3.21837676468209e-05,N,0.184303552914923
RETN.3046.31.1,0.001,771,6237,-0.0378523986011168,-1.00872667310681,0.313105736038666,-0.111399911485004,0.0356951142827701,0.0375249307966985,0.0225965930460072,2.72181595600648,0.256427840380433,-0.0127737920285663,0.000163169762789064,N,0.504308976116326
RETN.3046.31.1,0.01,5798,6237,0.00729736833481843,0.193774698773289,0.846352298951607,-0.0665129856933964,0.0811077223630333,0.0376590358855681,0.0558477004373422,1.48173780269263,0.47669953065335,0.00245401681288847,6.0221985179393e-06,N,0.0724488217808653
RETN.3046.31.1,0.05,21171,6237,0.00453085429907089,0.119930371899409,0.904538304814874,-0.0695147031751089,0.0785764117732506,0.0377790398488144,0,0.3007607146076,0.860380662111926,0.00151883448982818,2.30685820749164e-06,N,0.0435730371872646
RETN.3046.31.1,0.1,36741,6237,-0.0165852656041535,-0.439359493593531,0.660401072088708,-0.0905714289445658,0.0574008977362588,0.0377487361625039,0,0.965481046821394,0.617089922990109,-0.00556410174983512,3.09592282825183e-05,N,0.180192230379214
RETN.3046.31.1,0.2,60946,6237,-0.00765462232124862,-0.20341412104653,0.838811363531897,-0.0814095022072514,0.0661002575647542,0.0376307322317001,0,0.810107646710742,0.666940912894642,-0.00257609235325466,6.63625181249713e-06,N,0.0763356946995774
RETN.3046.31.1,0.5,109047,6237,0.00886732972228643,0.235165633808838,0.814080178319296,-0.0650365252468055,0.0827711846913784,0.0377067413238387,0,1.03948754287496,0.594672900633307,0.0029781989144619,8.86966877410202e-06,N,0.089332819574151
RETN.3046.31.1,1,146662,6237,0.0165445867923472,0.438876839299361,0.660750779524711,-0.0573412767311527,0.0904304503158471,0.0376975618461881,0,1.09959799621425,0.577065790040141,0.00555798954641926,3.08912477981058e-05,N,0.17996231583442
SERPING1.4479.14.2,5e-08,5,6237,0.00548108397478946,0.0632522982765969,0.949565600115283,-0.164358233797507,0.175320401747085,0.086654305442328,70.3571399544995,5.73546478840331,0.0568276432787301,0.000801046896202042,6.41676129914925e-07,N,0.022475026941752
SERPING1.4479.14.2,5e-05,59,6237,0.0506136808366989,0.593480951483754,0.552859327258446,-0.116537415280074,0.217764776953472,0.085282738578484,69.5528134264228,5.72681568273153,0.0570739295798572,0.00751581858954016,5.64875290708774e-05,N,0.257385359051959
SERPING1.4479.14.2,5e-04,442,6237,0.0341757415100849,0.457280826650863,0.647469209087741,-0.112305848359545,0.180657331379714,0.0747368783432031,60.7259795999764,4.70345675093016,0.0952044708606981,0.00579105221635929,3.35362857725998e-05,N,0.188780879974506
SERPING1.4479.14.2,0.001,845,6237,0.0072447545642675,0.111060483021739,0.911568384807022,-0.120608624391567,0.135098133520102,0.0652325144565542,49.3609177990453,4.02052891407546,0.133953245105818,0.00140650376642645,1.97825284497178e-06,N,0.0402107455166186
SERPING1.4479.14.2,0.01,5928,6237,-0.0823413922668548,-1.18529085155546,0.235902469364992,-0.218498828281933,0.0538160437482237,0.0694693561152506,53.6821857408411,4.30142660787798,0.116401098791599,-0.0150092081270208,0.000225276328600226,N,0.627267513010221
SERPING1.4479.14.2,0.05,21406,6237,-0.0226880318214347,-0.599752558014366,0.548671155255386,-0.0968314842434344,0.0514554206005649,0.0378289871685571,0,1.31099751715609,0.519183051000031,-0.00759523740132951,5.76876311825547e-05,N,0.260687870936962
SERPING1.4479.14.2,0.1,36837,6237,-0.0148161149032951,-0.392121229387097,0.694968642283661,-0.0888724256178537,0.0592401958112635,0.0377845262967612,0,0.408685684199861,0.815182844275075,-0.00496588630131483,2.46600267575863e-05,N,0.158034790791766
SERPING1.4479.14.2,0.2,61198,6237,-0.0388087717901673,-1.02752373020145,0.304173917278746,-0.112835086470072,0.0352175428897371,0.0377692219162263,0,0.437320470800647,0.803594704808581,-0.0130117845632232,0.000169306537519733,N,0.516878029163909
SERPING1.4479.14.2,0.5,109461,6237,-0.0512260650220728,-1.35410154553754,0.175703983197259,-0.125372086672992,0.0229199566288463,0.0378302980237257,0,0.435910846055976,0.80416128794282,-0.0171462501532413,0.000293993894317526,N,0.755218392966961
SERPING1.4479.14.2,1,146732,6237,-0.0537532898390916,-1.42106698505838,0.155297286809891,-0.127890901396392,0.020384321718209,0.0378260070807875,0,0.253802345007082,0.880820717602216,-0.0179939289483101,0.000323781478996832,N,0.808836131739476
TF.4162.54.2,5e-05,57,6237,0.0315151316493244,0.76546389698781,0.443995356789964,-0.0491791025840346,0.112209365882683,0.0411712842020898,7.75244344628696,1.76435220417773,0.41388128309477,0.0096936219364274,9.39663062463866e-05,N,0.35262157162196
TF.4162.54.2,5e-04,386,6237,-0.00598448518738521,-0.159715918343501,0.873104860853174,-0.0794234733292062,0.0674545029544358,0.0374695600128872,0,0.277260287933873,0.870549947072819,-0.00202268887421108,4.09127028185729e-06,N,0.0589335939175001
TF.4162.54.2,0.001,756,6237,-0.0056549258399117,-0.150323856622377,0.880509111982603,-0.0793854116756643,0.0680755599958409,0.0376182860589936,0,1.00670554483545,0.604500505670242,-0.00190374551562294,3.62424698825446e-06,N,0.0552661453602049
TF.4162.54.2,0.01,5775,6237,-0.0246086017041806,-0.656171461048667,0.511713809151996,-0.0981137385673451,0.048896535158984,0.037503309980675,0,0.894125325267744,0.639503834024624,-0.00830967644700853,6.90507226539682e-05,N,0.290972862962239
TF.4162.54.2,0.05,21191,6237,-0.0022682781390998,-0.0605110996188048,0.951748575833146,-0.0757381619713474,0.0712016056931478,0.0374853234099038,0,0.148172341275867,0.928591673056768,-0.000766331519562985,5.87263997875713e-07,N,0.0214777643778123
TF.4162.54.2,0.1,36817,6237,-0.00482886107975046,-0.128943385640709,0.897402446423754,-0.0782284678577973,0.0685707456982964,0.0374494671111375,0,0.200077676990228,0.904802276194753,-0.00163297772712935,2.66661625730054e-06,N,0.047012750863911
TF.4162.54.2,0.2,61057,6237,-0.00092480922278758,-0.0246424542708404,0.980340155959,-0.0744805009291526,0.0726308824835775,0.0375291037419886,0,0.0833440597991993,0.959184312766448,-0.00031207983612139,9.73938241135535e-08,N,0.00862320775250962
TF.4162.54.2,0.5,109233,6237,-0.00297040231831361,-0.0791567596170827,0.936907937450658,-0.0765191629251404,0.0705783582885132,0.0375255674017329,0,0.274159806711601,0.871900555568376,-0.00100246578883971,1.00493765779401e-06,N,0.0283030817071795
TF.4162.54.2,1,146604,6237,-0.00134180115190384,-0.0357478501518071,0.971483416010186,-0.0749093561510942,0.0722257538472865,0.0375351565536315,0,0.203023160607189,0.903470716816452,-0.000452722058219273,2.04957261998295e-07,N,0.0125646087510112
TNC.4155.3.2,5e-08,17,6237,0.0617130092678115,1.28315645540374,0.19943726815275,-0.0325508468918325,0.155976865427456,0.0480946879142603,19.5906163482771,2.38173975491726,0.303956743913396,0.0162481548462264,0.000264002535906952,N,0.700193683332561
TNC.4155.3.2,5e-05,67,6237,0.02760735546463,0.729663732836441,0.465595754752611,-0.0465493005181593,0.101764011447419,0.0378357238029512,0,1.89093112446404,0.388498658489443,0.00924029827179022,8.53831121516493e-05,N,0.331990988186176
TNC.4155.3.2,5e-04,451,6237,-0.0242616264779011,-0.646918799934827,0.517684497751754,-0.0977668548123381,0.049243601856536,0.0375033566505492,0,1.3281729834693,0.514743535470145,-0.00819250978040327,6.71172165020033e-05,N,0.285934839927693
TNC.4155.3.2,0.001,821,6237,-0.00593309695132778,-0.158060829864186,0.874408865787654,-0.0795038630378959,0.0676376691352403,0.037536794893623,0,1.42327727436254,0.4908392307034,-0.00200172843643277,4.00691673322357e-06,N,0.0582854476467158
TNC.4155.3.2,0.01,5795,6237,-0.0401737087867387,-1.06835106017631,0.285362184114591,-0.113875158883502,0.0335277413100242,0.0376034716342293,0,1.07359671064111,0.584616995144532,-0.0135286982207033,0.000183025675546862,N,0.544603579639408
TNC.4155.3.2,0.05,21173,6237,-0.0560356051808996,-0.591643499499686,0.554089338589005,-0.2416672703633,0.129596060001501,0.0947117736073923,74.4523031067451,6.25627920363796,0.0437992054656038,-0.00749255048081096,5.61383127075006e-05,N,0.25642020615937
TNC.4155.3.2,0.1,36717,6237,-0.0656475910573065,-0.932247351461696,0.351208709445745,-0.203665590188539,0.0723704080739263,0.0704186404545702,55.3988179561721,4.36713334901336,0.112639066450952,-0.0118054531934907,0.000139368725103699,N,0.454434722784935
TNC.4155.3.2,0.2,61012,6237,-0.0550088040306589,-1.09048644630368,0.275498920528364,-0.153877776770453,0.0438601687091351,0.0504442803641597,25.3765944661594,2.89610679303244,0.235027348146811,-0.0138089492035641,0.000190687078106612,N,0.559880098480048
TNC.4155.3.2,0.5,109323,6237,-0.0594181433318958,-1.22594717493533,0.220218554526527,-0.154411976132969,0.0355756894691775,0.0484671318199582,21.6334701001494,2.57454288507634,0.276022900870639,-0.0155239126811861,0.000240991864933091,N,0.657146092317008
TNC.4155.3.2,1,146725,6237,-0.067278115637268,-1.30627686980321,0.191458420002475,-0.168223548144721,0.0336673168701848,0.0515037180803818,27.3514150340271,2.80549973236894,0.245919786789267,-0.0165408410572966,0.000273599422882749,N,0.717925529393587
TNF.5936.53.3,5e-08,1,6237,0.0162325444879901,0.433496038117496,0.664654443712953,-0.057159597022843,0.0896246859988231,0.0374456582313455,0,0.424359249659974,0.808819400470108,0.00548984849381575,3.0138436485051e-05,N,0.177404087318991
TNF.5936.53.3,5e-05,37,6237,-0.0384725687946853,-1.02727038943695,0.304293161273018,-0.11187568642144,0.0349305488320698,0.0374512583933937,0.0189397173391482,1.56680052260459,0.456849958077259,-0.0130085769900513,0.000169223075306091,N,0.516707807926965
TNF.5936.53.3,5e-04,398,6237,0.0350213103976858,0.935007926437403,0.349784214531049,-0.038390374284388,0.108432995079759,0.0374556294203035,0,0.0944878239266013,0.95385471263854,0.011840406659881,0.000140195229871354,N,0.456199793761715
TNF.5936.53.3,0.001,752,6237,0.00704764507069567,0.187996960097085,0.850879034185799,-0.0664276414831476,0.080522931624539,0.0374880799511659,0,0.384705501645551,0.825015792156506,0.00238084634050045,5.66842929707439e-06,N,0.070132177306425
TNF.5936.53.3,0.01,5681,6237,-0.00795914485277831,-0.211636927862191,0.832390297565436,-0.0816685745669569,0.0657502848614003,0.0376075429424159,0,0.66399522197554,0.71748903694248,-0.00268022750591129,7.18361948344347e-06,N,0.0796729906160449
TNF.5936.53.3,0.05,20971,6237,-0.00604305732537166,-0.133416045847369,0.893864356098654,-0.0948192958880808,0.0827331812373374,0.0452948315698476,15.7902323451964,2.50469929455962,0.285832401898441,-0.00168962067907927,2.85481803917231e-06,N,0.0487283803845995
TNF.5936.53.3,0.1,36445,6237,-0.030150212999703,-0.801113627746478,0.42306586752525,-0.103914195484757,0.043613769485351,0.0376353765002291,0.0190382194299832,1.77920584238447,0.410818847827705,-0.0101450347823984,0.000102921730736074,N,0.373592011641986
TNF.5936.53.3,0.2,60903,6237,-0.029892150572649,-0.641953034808401,0.520903677564077,-0.121156675181255,0.0613723740359566,0.0465643885951418,18.1763279392618,2.38602187111504,0.303306651056758,-0.00812962803966891,6.60908520633709e-05,N,0.283242576450683
TNF.5936.53.3,0.5,109067,6237,-0.0224733448414357,-0.467544301393429,0.640110504145422,-0.116682484745589,0.0717357950627173,0.0480667709443963,21.1213484808583,2.51151507370188,0.284859974540569,-0.00592102542715505,3.50585421090166e-05,N,0.193745046019389
TNF.5936.53.3,1,146664,6237,-0.0124309386449487,-0.227321606554764,0.820173673251765,-0.119610332664659,0.0947484553747616,0.054684369133886,33.532807682013,3.05007499017223,0.217612897297938,-0.0028788609452124,8.28784034186921e-06,N,0.0860941752399334
VCAM1.2967.8.1,5e-08,5,6237,-0.00738469630687805,-0.182228542729068,0.855403374138223,-0.0868109957300484,0.0720416031162923,0.0405243667994284,5.91259483202102,1.61044690707109,0.446988034342517,-0.00230779387692987,5.32591257839502e-06,N,0.0678290410014412
VCAM1.2967.8.1,5e-05,60,6237,-0.0402225394159223,-0.493119897930402,0.621927872111339,-0.200091830744087,0.119646751912243,0.0815674637846377,65.9649502330488,6.39013735024776,0.0409637120914802,-0.00624490490630356,3.89988372887742e-05,N,0.206259979554206
VCAM1.2967.8.1,5e-04,415,6237,-0.0206756749561103,-0.551983288158121,0.580959803145403,-0.0940901770604286,0.052738827148208,0.0374570669070465,0,1.27077053304447,0.529731361239166,-0.00699032051669172,4.88645809260813e-05,N,0.235853915589128
VCAM1.2967.8.1,0.001,818,6237,-0.0278446856331249,-0.744491810656835,0.456578993777672,-0.101149160202987,0.0454597889367374,0.0374009293783349,0,0.240836232607372,0.886549678337957,-0.00942806120676346,8.8888338118478e-05,N,0.340484073345787
VCAM1.2967.8.1,0.01,5806,6237,0.0171733448039941,0.457668995499763,0.647190266099477,-0.0563713734113213,0.0907180630193096,0.0375235049191857,0,0.712271868868171,0.700377408357462,0.00579596786219289,3.35932434595728e-05,N,0.188968023242315
VCAM1.2967.8.1,0.05,21244,6237,0.112838284573092,1.32386828636081,0.185546792368276,-0.0542168342170764,0.27989340336326,0.0852337696548906,68.1802361903182,6.71798461309808,0.0347702790795114,0.0167635316720918,0.000281015994121225,N,0.731546549096384
VCAM1.2967.8.1,0.1,36705,6237,0.146462004927668,1.60650222975529,0.108163605421477,-0.0322244913901638,0.325148501245501,0.0911682549920757,71.3969401197393,7.82315461676521,0.0200089159276645,0.0203410439770907,0.000413758070077937,N,0.965918844807066
VCAM1.2967.8.1,0.2,60962,6237,0.108128862514022,1.15745152631819,0.247087932821315,-0.0749705342191645,0.291228259247209,0.0934197761680579,73.3615159735271,7.75208554228528,0.0207327071289987,0.0146567584436047,0.000214820568074177,N,0.607148463975034
VCAM1.2967.8.1,0.5,109403,6237,0.14401951081402,1.43814762581059,0.150392171928934,-0.0522559265615116,0.340294948189552,0.100142369412769,76.5552075471065,9.90331542077859,0.00707167641572019,0.0182101372798099,0.000331609099749522,N,0.822774768641618
VCAM1.2967.8.1,1,146583,6237,0.137863612786807,1.3466886851094,0.178080517941191,-0.0627824005260368,0.33850962609965,0.102372296070496,77.5378913757384,10.4171588346052,0.0054694379603702,0.0170524125098005,0.000290784772404401,N,0.749383589876651
VTN.13125.45.3,5e-08,20,6237,-0.0268598371016185,-0.719400515235755,0.471894179486521,-0.100037868302406,0.0463181940991693,0.0373364162698941,0,0.000243738685481156,0.999878138083026,-0.00911033804450502,8.29982592851556e-05,N,0.326155379369226
VTN.13125.45.3,5e-05,83,6237,0.0224021613230049,0.344762866523763,0.730272651599684,-0.10495328681926,0.14975760946527,0.0649784634548537,50.0299803977689,4.00929048745509,0.134708075754691,0.00436614459736461,1.90632186450961e-05,N,0.136514963197716
VTN.13125.45.3,5e-04,447,6237,-0.0180526129102757,-0.482314419756571,0.629582605269282,-0.09141237509371,0.0553071492731586,0.0374291378627805,0,0.04108683529851,0.97966616074937,-0.00610806873684698,3.73085036940474e-05,N,0.200947279600588
VTN.13125.45.3,0.001,824,6237,-1.90238972817966e-05,-0.000508592910389731,0.999594201586561,-0.0733313976174317,0.0732933498228681,0.0374049596311098,0,0.270905958664528,0.873320226063241,-6.44098181570754e-06,4.14862467502752e-11,N,0.000176271779545456
VTN.13125.45.3,0.01,5793,6237,-0.0239145718405116,-0.635068685860164,0.525383619049843,-0.0977202885396645,0.0498911448586412,0.0376566698578764,0,0.287682030576447,0.866025421916991,-0.00804245101335244,6.46810183021737e-05,N,0.279523472218328
VTN.13125.45.3,0.05,21325,6237,0.0138033862550947,0.363327153886901,0.71636051140986,-0.0606588157445453,0.0882655882547346,0.0379916174924582,0.986726164989555,1.4734652055335,0.478675385791201,0.00460124152527698,2.11714235739332e-05,N,0.144868362171786
VTN.13125.45.3,0.1,37018,6237,0.00816720655561712,0.193713103244046,0.846400531283787,-0.0744675271574778,0.090801940268712,0.0421613531498064,9.37127035982235,2.53627670819768,0.281354917760756,0.00245323675462773,6.0183705742564e-06,N,0.0724240727030948
VTN.13125.45.3,0.2,61407,6237,-0.00495961276400715,-0.104575895141754,0.916712342697271,-0.0979127964928453,0.087993570964831,0.047425965202443,19.8912969657166,2.8836117616106,0.236500281493074,-0.0013243811199604,1.75398535090756e-06,N,0.0377669212306609
VTN.13125.45.3,0.5,109219,6237,0.0138329726897773,0.28198548699686,0.777954638626724,-0.0823142743186886,0.109980219698243,0.049055619269978,23.2433807001633,2.7778072225895,0.2493485377399,0.00357113081121816,1.27529752708317e-05,N,0.109045725334782
VTN.13125.45.3,1,146737,6237,0.00380991666896338,0.0678516026820882,0.945903765376705,-0.106243481631064,0.11386331496899,0.0561507247929626,36.1640820765901,3.25671836300717,0.196251322889605,0.000859293884705011,7.38385980291429e-07,N,0.0241530457248733
