base_protein,target_protein,rg,rg_se,rg_z,rg_p,h2_obs,h2_se
ANGPT2.13660.76.3,PPY.4588.1.2,NA,NA,NA,NA,0.0447,0.1419
ANGPT2.13660.76.3,APOE.2937.10.2,NA,NA,NA,NA,-0.0279,0.1569
ANGPT2.13660.76.3,CFH.4159.130.1,NA,NA,NA,NA,0.3751,0.2126
ANGPT2.13660.76.3,SERPING1.4479.14.2,NA,NA,NA,NA,0.5454,0.436
ANGPT2.13660.76.3,C3.2755.8.2,NA,NA,NA,NA,-0.2689,0.1438
ANGPT2.13660.76.3,FGA.FGB.FGG.4907.56.1,NA,NA,NA,NA,0.2009,0.1441
ANGPT2.13660.76.3,APCS.2474.54.5,NA,NA,NA,NA,0.2001,0.135
ANGPT2.13660.76.3,HP.3054.3.2,NA,NA,NA,NA,1.023,0.7463
ANGPT2.13660.76.3,IL3.4717.55.2,NA,NA,NA,NA,-0.1726,0.1336
ANGPT2.13660.76.3,C4A.C4B.4481.34.2,NA,NA,NA,NA,0.0196,0.1432
ANGPT2.13660.76.3,IL10.2773.50.2,NA,NA,NA,NA,-0.0074,0.1383
ANGPT2.13660.76.3,VTN.13125.45.3,NA,NA,NA,NA,0.0855,0.1857
ANGPT2.13660.76.3,IGFBP2.2570.72.5,NA,NA,NA,NA,0.2408,0.1333
ANGPT2.13660.76.3,APOB.2797.56.2,NA,NA,NA,NA,0.134,0.1485
ANGPT2.13660.76.3,CCL26.9168.31.3,NA,NA,NA,NA,0.1184,0.149
ANGPT2.13660.76.3,CRP.4337.49.2,NA,NA,NA,NA,0.0833,0.1473
ANGPT2.13660.76.3,CLU.4542.24.2,NA,NA,NA,NA,0.0456,0.1342
ANGPT2.13660.76.3,CSF3.8952.65.3,NA,NA,NA,NA,0.0712,0.1405
ANGPT2.13660.76.3,IL13.3072.4.2,NA,NA,NA,NA,0.0772,0.1509
ANGPT2.13660.76.3,CXCL8.3447.64.2,NA,NA,NA,NA,0.225,0.1249
ANGPT2.13660.76.3,KITLG.9377.25.3,NA,NA,NA,NA,0.0207,0.1257
ANGPT2.13660.76.3,MMP9.2579.17.5,NA,NA,NA,NA,0.1395,0.1375
ANGPT2.13660.76.3,NPPB.3723.1.2,NA,NA,NA,NA,-0.193,0.1395
ANGPT2.13660.76.3,PLG.3710.49.2,NA,NA,NA,NA,0.1801,0.1463
ANGPT2.13660.76.3,RETN.3046.31.1,NA,NA,NA,NA,0.3604,0.1837
ANGPT2.13660.76.3,TF.4162.54.2,NA,NA,NA,NA,-0.2972,0.1434
ANGPT2.13660.76.3,TNC.4155.3.2,NA,NA,NA,NA,0.2446,0.2254
ANGPT2.13660.76.3,TNF.5936.53.3,NA,NA,NA,NA,-0.1348,0.1452
ANGPT2.13660.76.3,VCAM1.2967.8.1,NA,NA,NA,NA,0.348,0.1551
ANGPT2.13660.76.3,GC.6581.50.3,NA,NA,NA,NA,-0.1764,0.1326
APCS.2474.54.5,PPY.4588.1.2,0.135,1.55,0.08713,0.9306,0.04475,0.1419
APCS.2474.54.5,APOE.2937.10.2,NA,NA,NA,NA,-0.02788,0.1569
APCS.2474.54.5,CFH.4159.130.1,0.5869,0.2956,1.985,0.0471,0.3751,0.2126
APCS.2474.54.5,SERPING1.4479.14.2,-0.3135,0.39,-0.804,0.4214,0.5454,0.436
APCS.2474.54.5,C3.2755.8.2,NA,NA,NA,NA,-0.2689,0.1438
APCS.2474.54.5,FGA.FGB.FGG.4907.56.1,0.416,0.4923,0.8449,0.3982,0.2009,0.1441
APCS.2474.54.5,HP.3054.3.2,0.4778,0.5989,0.7979,0.425,1.023,0.7463
APCS.2474.54.5,IL3.4717.55.2,NA,NA,NA,NA,-0.1726,0.1336
APCS.2474.54.5,C4A.C4B.4481.34.2,NA,NA,NA,NA,NA,NA
APCS.2474.54.5,IL10.2773.50.2,NA,NA,NA,NA,-0.007392,0.1383
APCS.2474.54.5,VTN.13125.45.3,NA,NA,NA,NA,NA,NA
APCS.2474.54.5,IGFBP2.2570.72.5,-0.1964,0.4416,-0.4449,0.6564,0.2408,0.1333
APCS.2474.54.5,ANGPT2.13660.76.3,NA,NA,NA,NA,-0.02528,0.136
APCS.2474.54.5,APOB.2797.56.2,0.1331,0.6896,0.193,0.847,0.134,0.1485
APCS.2474.54.5,CCL26.9168.31.3,-0.3626,0.6868,-0.528,0.5975,0.1184,0.149
APCS.2474.54.5,CRP.4337.49.2,0.6993,0.6415,1.09,0.2757,0.08331,0.1473
APCS.2474.54.5,CLU.4542.24.2,-0.9441,12.13,-0.07784,0.938,0.04563,0.1342
APCS.2474.54.5,CSF3.8952.65.3,-1.216,1.51,-0.8056,0.4205,0.07119,0.1405
APCS.2474.54.5,IL13.3072.4.2,-0.2871,0.9987,-0.2875,0.7737,0.07719,0.1509
APCS.2474.54.5,CXCL8.3447.64.2,0.9969,0.6487,1.537,0.1243,0.225,0.1249
APCS.2474.54.5,KITLG.9377.25.3,NA,NA,NA,NA,NA,NA
APCS.2474.54.5,MMP9.2579.17.5,0.05382,0.6667,0.08074,0.9357,0.1395,0.1375
APCS.2474.54.5,NPPB.3723.1.2,NA,NA,NA,NA,-0.193,0.1395
APCS.2474.54.5,PLG.3710.49.2,0.9035,0.5632,1.604,0.1087,0.1801,0.1463
APCS.2474.54.5,RETN.3046.31.1,0.0295,0.5298,0.05568,0.9556,0.3604,0.1837
APCS.2474.54.5,TF.4162.54.2,NA,NA,NA,NA,-0.2972,0.1434
APCS.2474.54.5,TNC.4155.3.2,0.2258,0.6026,0.3747,0.7079,0.2446,0.2254
APCS.2474.54.5,TNF.5936.53.3,NA,NA,NA,NA,-0.1348,0.1452
APCS.2474.54.5,VCAM1.2967.8.1,-0.4999,0.4522,-1.105,0.269,0.348,0.1551
APCS.2474.54.5,GC.6581.50.3,NA,NA,NA,NA,-0.1764,0.1326
APOB.2797.56.2,PPY.4588.1.2,-0.1101,2.486,-0.04429,0.9647,0.04475,0.1419
APOB.2797.56.2,APOE.2937.10.2,NA,NA,NA,NA,-0.02788,0.1569
APOB.2797.56.2,CFH.4159.130.1,-0.7791,0.8184,-0.9521,0.3411,0.3751,0.2126
APOB.2797.56.2,SERPING1.4479.14.2,-0.1649,0.4845,-0.3403,0.7336,0.5454,0.436
APOB.2797.56.2,C3.2755.8.2,NA,NA,NA,NA,-0.2689,0.1438
APOB.2797.56.2,FGA.FGB.FGG.4907.56.1,0.4573,0.675,0.6775,0.4981,0.2009,0.1441
APOB.2797.56.2,APCS.2474.54.5,0.1331,0.6896,0.193,0.847,0.2001,0.135
APOB.2797.56.2,HP.3054.3.2,0.1483,0.4041,0.3671,0.7135,1.023,0.7463
APOB.2797.56.2,IL3.4717.55.2,NA,NA,NA,NA,-0.1726,0.1336
APOB.2797.56.2,C4A.C4B.4481.34.2,NA,NA,NA,NA,NA,NA
APOB.2797.56.2,IL10.2773.50.2,NA,NA,NA,NA,-0.007392,0.1383
APOB.2797.56.2,VTN.13125.45.3,NA,NA,NA,NA,NA,NA
APOB.2797.56.2,IGFBP2.2570.72.5,-0.2417,0.5293,-0.4567,0.6479,0.2408,0.1333
APOB.2797.56.2,ANGPT2.13660.76.3,NA,NA,NA,NA,-0.02528,0.136
APOB.2797.56.2,CCL26.9168.31.3,0.227,0.965,0.2352,0.8141,0.1184,0.149
APOB.2797.56.2,CRP.4337.49.2,1.059,2.125,0.4985,0.6181,0.08331,0.1473
APOB.2797.56.2,CLU.4542.24.2,0.5644,7.663,0.07365,0.9413,0.04563,0.1342
APOB.2797.56.2,CSF3.8952.65.3,1.442,1.56,0.9244,0.3553,0.07119,0.1405
APOB.2797.56.2,IL13.3072.4.2,-0.4859,0.9923,-0.4897,0.6243,0.07719,0.1509
APOB.2797.56.2,CXCL8.3447.64.2,-0.1285,0.6814,-0.1886,0.8504,0.225,0.1249
APOB.2797.56.2,KITLG.9377.25.3,NA,NA,NA,NA,NA,NA
APOB.2797.56.2,MMP9.2579.17.5,-0.9834,0.9063,-1.085,0.2779,0.1395,0.1375
APOB.2797.56.2,NPPB.3723.1.2,NA,NA,NA,NA,-0.193,0.1395
APOB.2797.56.2,PLG.3710.49.2,0.3603,0.5812,0.6199,0.5353,0.1801,0.1463
APOB.2797.56.2,RETN.3046.31.1,-0.8818,0.657,-1.342,0.1795,0.3604,0.1837
APOB.2797.56.2,TF.4162.54.2,NA,NA,NA,NA,-0.2972,0.1434
APOB.2797.56.2,TNC.4155.3.2,0.05645,0.5958,0.09474,0.9245,0.2446,0.2254
APOB.2797.56.2,TNF.5936.53.3,NA,NA,NA,NA,-0.1348,0.1452
APOB.2797.56.2,VCAM1.2967.8.1,-0.4575,0.5891,-0.7765,0.4374,0.348,0.1551
APOB.2797.56.2,GC.6581.50.3,NA,NA,NA,NA,-0.1764,0.1326
APOE.2937.10.2,PPY.4588.1.2,NA,NA,NA,NA,0.0447,0.1419
APOE.2937.10.2,CFH.4159.130.1,NA,NA,NA,NA,0.3751,0.2126
APOE.2937.10.2,SERPING1.4479.14.2,NA,NA,NA,NA,0.5454,0.436
APOE.2937.10.2,C3.2755.8.2,NA,NA,NA,NA,-0.2689,0.1438
APOE.2937.10.2,FGA.FGB.FGG.4907.56.1,NA,NA,NA,NA,0.2009,0.1441
APOE.2937.10.2,APCS.2474.54.5,NA,NA,NA,NA,0.2001,0.135
APOE.2937.10.2,HP.3054.3.2,NA,NA,NA,NA,1.023,0.7463
APOE.2937.10.2,IL3.4717.55.2,NA,NA,NA,NA,-0.1726,0.1336
APOE.2937.10.2,C4A.C4B.4481.34.2,NA,NA,NA,NA,0.0196,0.1432
APOE.2937.10.2,IL10.2773.50.2,NA,NA,NA,NA,-0.0074,0.1383
APOE.2937.10.2,VTN.13125.45.3,NA,NA,NA,NA,0.0855,0.1857
APOE.2937.10.2,IGFBP2.2570.72.5,NA,NA,NA,NA,0.2408,0.1333
APOE.2937.10.2,ANGPT2.13660.76.3,NA,NA,NA,NA,-0.0253,0.136
APOE.2937.10.2,APOB.2797.56.2,NA,NA,NA,NA,0.134,0.1485
APOE.2937.10.2,CCL26.9168.31.3,NA,NA,NA,NA,0.1184,0.149
APOE.2937.10.2,CRP.4337.49.2,NA,NA,NA,NA,0.0833,0.1473
APOE.2937.10.2,CLU.4542.24.2,NA,NA,NA,NA,0.0456,0.1342
APOE.2937.10.2,CSF3.8952.65.3,NA,NA,NA,NA,0.0712,0.1405
APOE.2937.10.2,IL13.3072.4.2,NA,NA,NA,NA,0.0772,0.1509
APOE.2937.10.2,CXCL8.3447.64.2,NA,NA,NA,NA,0.225,0.1249
APOE.2937.10.2,KITLG.9377.25.3,NA,NA,NA,NA,0.0207,0.1257
APOE.2937.10.2,MMP9.2579.17.5,NA,NA,NA,NA,0.1395,0.1375
APOE.2937.10.2,NPPB.3723.1.2,NA,NA,NA,NA,-0.193,0.1395
APOE.2937.10.2,PLG.3710.49.2,NA,NA,NA,NA,0.1801,0.1463
APOE.2937.10.2,RETN.3046.31.1,NA,NA,NA,NA,0.3604,0.1837
APOE.2937.10.2,TF.4162.54.2,NA,NA,NA,NA,-0.2972,0.1434
APOE.2937.10.2,TNC.4155.3.2,NA,NA,NA,NA,0.2446,0.2254
APOE.2937.10.2,TNF.5936.53.3,NA,NA,NA,NA,-0.1348,0.1452
APOE.2937.10.2,VCAM1.2967.8.1,NA,NA,NA,NA,0.348,0.1551
APOE.2937.10.2,GC.6581.50.3,NA,NA,NA,NA,-0.1764,0.1326
C3.2755.8.2,PPY.4588.1.2,NA,NA,NA,NA,0.0447,0.1419
C3.2755.8.2,APOE.2937.10.2,NA,NA,NA,NA,-0.0279,0.1569
C3.2755.8.2,CFH.4159.130.1,NA,NA,NA,NA,0.3751,0.2126
C3.2755.8.2,SERPING1.4479.14.2,NA,NA,NA,NA,0.5454,0.436
C3.2755.8.2,FGA.FGB.FGG.4907.56.1,NA,NA,NA,NA,0.2009,0.1441
C3.2755.8.2,APCS.2474.54.5,NA,NA,NA,NA,0.2001,0.135
C3.2755.8.2,HP.3054.3.2,NA,NA,NA,NA,1.023,0.7463
C3.2755.8.2,IL3.4717.55.2,NA,NA,NA,NA,-0.1726,0.1336
C3.2755.8.2,C4A.C4B.4481.34.2,NA,NA,NA,NA,0.0196,0.1432
C3.2755.8.2,IL10.2773.50.2,NA,NA,NA,NA,-0.0074,0.1383
C3.2755.8.2,VTN.13125.45.3,NA,NA,NA,NA,0.0855,0.1857
C3.2755.8.2,IGFBP2.2570.72.5,NA,NA,NA,NA,0.2408,0.1333
C3.2755.8.2,ANGPT2.13660.76.3,NA,NA,NA,NA,-0.0253,0.136
C3.2755.8.2,APOB.2797.56.2,NA,NA,NA,NA,0.134,0.1485
C3.2755.8.2,CCL26.9168.31.3,NA,NA,NA,NA,0.1184,0.149
C3.2755.8.2,CRP.4337.49.2,NA,NA,NA,NA,0.0833,0.1473
C3.2755.8.2,CLU.4542.24.2,NA,NA,NA,NA,0.0456,0.1342
C3.2755.8.2,CSF3.8952.65.3,NA,NA,NA,NA,0.0712,0.1405
C3.2755.8.2,IL13.3072.4.2,NA,NA,NA,NA,0.0772,0.1509
C3.2755.8.2,CXCL8.3447.64.2,NA,NA,NA,NA,0.225,0.1249
C3.2755.8.2,KITLG.9377.25.3,NA,NA,NA,NA,0.0207,0.1257
C3.2755.8.2,MMP9.2579.17.5,NA,NA,NA,NA,0.1395,0.1375
C3.2755.8.2,NPPB.3723.1.2,NA,NA,NA,NA,-0.193,0.1395
C3.2755.8.2,PLG.3710.49.2,NA,NA,NA,NA,0.1801,0.1463
C3.2755.8.2,RETN.3046.31.1,NA,NA,NA,NA,0.3604,0.1837
C3.2755.8.2,TF.4162.54.2,NA,NA,NA,NA,-0.2972,0.1434
C3.2755.8.2,TNC.4155.3.2,NA,NA,NA,NA,0.2446,0.2254
C3.2755.8.2,TNF.5936.53.3,NA,NA,NA,NA,-0.1348,0.1452
C3.2755.8.2,VCAM1.2967.8.1,NA,NA,NA,NA,0.348,0.1551
C3.2755.8.2,GC.6581.50.3,NA,NA,NA,NA,-0.1764,0.1326
C4A.C4B.4481.34.2,PPY.4588.1.2,NA,NA,NA,NA,NA,NA
C4A.C4B.4481.34.2,APOE.2937.10.2,NA,NA,NA,NA,-0.02788,0.1569
C4A.C4B.4481.34.2,CFH.4159.130.1,NA,NA,NA,NA,NA,NA
C4A.C4B.4481.34.2,SERPING1.4479.14.2,NA,NA,NA,NA,NA,NA
C4A.C4B.4481.34.2,C3.2755.8.2,NA,NA,NA,NA,-0.2689,0.1438
C4A.C4B.4481.34.2,FGA.FGB.FGG.4907.56.1,NA,NA,NA,NA,NA,NA
C4A.C4B.4481.34.2,APCS.2474.54.5,NA,NA,NA,NA,NA,NA
C4A.C4B.4481.34.2,HP.3054.3.2,NA,NA,NA,NA,NA,NA
C4A.C4B.4481.34.2,IL3.4717.55.2,NA,NA,NA,NA,-0.1726,0.1336
C4A.C4B.4481.34.2,IL10.2773.50.2,NA,NA,NA,NA,-0.007392,0.1383
C4A.C4B.4481.34.2,VTN.13125.45.3,NA,NA,NA,NA,NA,NA
C4A.C4B.4481.34.2,IGFBP2.2570.72.5,NA,NA,NA,NA,NA,NA
C4A.C4B.4481.34.2,ANGPT2.13660.76.3,NA,NA,NA,NA,-0.02528,0.136
C4A.C4B.4481.34.2,APOB.2797.56.2,NA,NA,NA,NA,NA,NA
C4A.C4B.4481.34.2,CCL26.9168.31.3,NA,NA,NA,NA,NA,NA
C4A.C4B.4481.34.2,CRP.4337.49.2,NA,NA,NA,NA,NA,NA
C4A.C4B.4481.34.2,CLU.4542.24.2,NA,NA,NA,NA,NA,NA
C4A.C4B.4481.34.2,CSF3.8952.65.3,NA,NA,NA,NA,NA,NA
C4A.C4B.4481.34.2,IL13.3072.4.2,NA,NA,NA,NA,NA,NA
C4A.C4B.4481.34.2,CXCL8.3447.64.2,NA,NA,NA,NA,NA,NA
C4A.C4B.4481.34.2,KITLG.9377.25.3,NA,NA,NA,NA,NA,NA
C4A.C4B.4481.34.2,MMP9.2579.17.5,NA,NA,NA,NA,NA,NA
C4A.C4B.4481.34.2,NPPB.3723.1.2,NA,NA,NA,NA,-0.193,0.1395
C4A.C4B.4481.34.2,PLG.3710.49.2,NA,NA,NA,NA,NA,NA
C4A.C4B.4481.34.2,RETN.3046.31.1,NA,NA,NA,NA,NA,NA
C4A.C4B.4481.34.2,TF.4162.54.2,NA,NA,NA,NA,-0.2972,0.1434
C4A.C4B.4481.34.2,TNC.4155.3.2,NA,NA,NA,NA,NA,NA
C4A.C4B.4481.34.2,TNF.5936.53.3,NA,NA,NA,NA,-0.1348,0.1452
C4A.C4B.4481.34.2,VCAM1.2967.8.1,NA,NA,NA,NA,NA,NA
C4A.C4B.4481.34.2,GC.6581.50.3,NA,NA,NA,NA,-0.1764,0.1326
CCL26.9168.31.3,PPY.4588.1.2,1.424,28.67,0.04968,0.9604,0.04475,0.1419
CCL26.9168.31.3,APOE.2937.10.2,NA,NA,NA,NA,-0.02788,0.1569
CCL26.9168.31.3,CFH.4159.130.1,-0.5382,0.4961,-1.085,0.2779,0.3751,0.2126
CCL26.9168.31.3,SERPING1.4479.14.2,0.2061,0.4443,0.464,0.6427,0.5454,0.436
CCL26.9168.31.3,C3.2755.8.2,NA,NA,NA,NA,-0.2689,0.1438
CCL26.9168.31.3,FGA.FGB.FGG.4907.56.1,-0.3434,0.5928,-0.5793,0.5624,0.2009,0.1441
CCL26.9168.31.3,APCS.2474.54.5,-0.3626,0.6868,-0.528,0.5975,0.2001,0.135
CCL26.9168.31.3,HP.3054.3.2,-0.002675,0.3441,-0.007772,0.9938,1.023,0.7463
CCL26.9168.31.3,IL3.4717.55.2,NA,NA,NA,NA,-0.1726,0.1336
CCL26.9168.31.3,C4A.C4B.4481.34.2,NA,NA,NA,NA,NA,NA
CCL26.9168.31.3,IL10.2773.50.2,NA,NA,NA,NA,-0.007392,0.1383
CCL26.9168.31.3,VTN.13125.45.3,NA,NA,NA,NA,NA,NA
CCL26.9168.31.3,IGFBP2.2570.72.5,0.4892,0.6375,0.7673,0.4429,0.2408,0.1333
CCL26.9168.31.3,ANGPT2.13660.76.3,NA,NA,NA,NA,-0.02528,0.136
CCL26.9168.31.3,APOB.2797.56.2,0.227,0.965,0.2352,0.8141,0.134,0.1485
CCL26.9168.31.3,CRP.4337.49.2,-0.1274,1.166,-0.1092,0.9131,0.08331,0.1473
CCL26.9168.31.3,CLU.4542.24.2,0.1718,3.291,0.05222,0.9584,0.04563,0.1342
CCL26.9168.31.3,CSF3.8952.65.3,-0.7995,1.342,-0.5958,0.5513,0.07119,0.1405
CCL26.9168.31.3,IL13.3072.4.2,-0.4067,1.895,-0.2146,0.8301,0.07719,0.1509
CCL26.9168.31.3,CXCL8.3447.64.2,-0.5503,0.7668,-0.7176,0.473,0.225,0.1249
CCL26.9168.31.3,KITLG.9377.25.3,NA,NA,NA,NA,NA,NA
CCL26.9168.31.3,MMP9.2579.17.5,-0.225,0.8548,-0.2632,0.7924,0.1395,0.1375
CCL26.9168.31.3,NPPB.3723.1.2,NA,NA,NA,NA,-0.193,0.1395
CCL26.9168.31.3,PLG.3710.49.2,0.752,1.082,0.6949,0.4871,0.1801,0.1463
CCL26.9168.31.3,RETN.3046.31.1,0.478,0.8479,0.5637,0.573,0.3604,0.1837
CCL26.9168.31.3,TF.4162.54.2,NA,NA,NA,NA,-0.2972,0.1434
CCL26.9168.31.3,TNC.4155.3.2,0.0308,0.6519,0.04725,0.9623,0.2446,0.2254
CCL26.9168.31.3,TNF.5936.53.3,NA,NA,NA,NA,-0.1348,0.1452
CCL26.9168.31.3,VCAM1.2967.8.1,-0.6246,0.5812,-1.075,0.2825,0.348,0.1551
CCL26.9168.31.3,GC.6581.50.3,NA,NA,NA,NA,-0.1764,0.1326
CFH.4159.130.1,PPY.4588.1.2,0.4258,1.779,0.2394,0.8108,0.04475,0.1419
CFH.4159.130.1,APOE.2937.10.2,NA,NA,NA,NA,-0.02788,0.1569
CFH.4159.130.1,SERPING1.4479.14.2,-0.5285,0.5679,-0.9307,0.352,0.5454,0.436
CFH.4159.130.1,C3.2755.8.2,NA,NA,NA,NA,-0.2689,0.1438
CFH.4159.130.1,FGA.FGB.FGG.4907.56.1,0.4986,0.4599,1.084,0.2783,0.2009,0.1441
CFH.4159.130.1,APCS.2474.54.5,0.5869,0.2956,1.985,0.0471,0.2001,0.135
CFH.4159.130.1,HP.3054.3.2,0.01914,0.1758,0.1089,0.9133,1.023,0.7463
CFH.4159.130.1,IL3.4717.55.2,NA,NA,NA,NA,-0.1726,0.1336
CFH.4159.130.1,C4A.C4B.4481.34.2,NA,NA,NA,NA,NA,NA
CFH.4159.130.1,IL10.2773.50.2,NA,NA,NA,NA,-0.007392,0.1383
CFH.4159.130.1,VTN.13125.45.3,NA,NA,NA,NA,NA,NA
CFH.4159.130.1,IGFBP2.2570.72.5,-0.7608,0.3427,-2.22,0.02643,0.2408,0.1333
CFH.4159.130.1,ANGPT2.13660.76.3,NA,NA,NA,NA,-0.02528,0.136
CFH.4159.130.1,APOB.2797.56.2,-0.7791,0.8184,-0.9521,0.3411,0.134,0.1485
CFH.4159.130.1,CCL26.9168.31.3,-0.5382,0.4961,-1.085,0.2779,0.1184,0.149
CFH.4159.130.1,CRP.4337.49.2,0.4288,0.5383,0.7966,0.4257,0.08331,0.1473
CFH.4159.130.1,CLU.4542.24.2,-2.227,24.59,-0.09055,0.9279,0.04563,0.1342
CFH.4159.130.1,CSF3.8952.65.3,-1.477,1.867,-0.7913,0.4288,0.07119,0.1405
CFH.4159.130.1,IL13.3072.4.2,-0.533,0.795,-0.6704,0.5026,0.07719,0.1509
CFH.4159.130.1,CXCL8.3447.64.2,0.3101,0.3531,0.8783,0.3798,0.225,0.1249
CFH.4159.130.1,KITLG.9377.25.3,NA,NA,NA,NA,NA,NA
CFH.4159.130.1,MMP9.2579.17.5,0.6617,0.4952,1.336,0.1815,0.1395,0.1375
CFH.4159.130.1,NPPB.3723.1.2,NA,NA,NA,NA,-0.193,0.1395
CFH.4159.130.1,PLG.3710.49.2,-0.4469,0.4422,-1.011,0.3122,0.1801,0.1463
CFH.4159.130.1,RETN.3046.31.1,0.07935,0.2774,0.286,0.7749,0.3604,0.1837
CFH.4159.130.1,TF.4162.54.2,NA,NA,NA,NA,-0.2972,0.1434
CFH.4159.130.1,TNC.4155.3.2,-0.1103,0.3487,-0.3164,0.7517,0.2446,0.2254
CFH.4159.130.1,TNF.5936.53.3,NA,NA,NA,NA,-0.1348,0.1452
CFH.4159.130.1,VCAM1.2967.8.1,-0.1313,0.2921,-0.4495,0.6531,0.348,0.1551
CFH.4159.130.1,GC.6581.50.3,NA,NA,NA,NA,-0.1764,0.1326
CLU.4542.24.2,PPY.4588.1.2,-1.927,24.36,-0.07911,0.9369,0.04475,0.1419
CLU.4542.24.2,APOE.2937.10.2,NA,NA,NA,NA,-0.02788,0.1569
CLU.4542.24.2,CFH.4159.130.1,-2.227,24.59,-0.09055,0.9279,0.3751,0.2126
CLU.4542.24.2,SERPING1.4479.14.2,0.2428,1.217,0.1995,0.8419,0.5454,0.436
CLU.4542.24.2,C3.2755.8.2,NA,NA,NA,NA,-0.2689,0.1438
CLU.4542.24.2,FGA.FGB.FGG.4907.56.1,-0.7486,4.968,-0.1507,0.8802,0.2009,0.1441
CLU.4542.24.2,APCS.2474.54.5,-0.9441,12.13,-0.07784,0.938,0.2001,0.135
CLU.4542.24.2,HP.3054.3.2,-0.1173,2.142,-0.05476,0.9563,1.023,0.7463
CLU.4542.24.2,IL3.4717.55.2,NA,NA,NA,NA,-0.1726,0.1336
CLU.4542.24.2,C4A.C4B.4481.34.2,NA,NA,NA,NA,NA,NA
CLU.4542.24.2,IL10.2773.50.2,NA,NA,NA,NA,-0.007392,0.1383
CLU.4542.24.2,VTN.13125.45.3,NA,NA,NA,NA,NA,NA
CLU.4542.24.2,IGFBP2.2570.72.5,1.17,9.685,0.1208,0.9039,0.2408,0.1333
CLU.4542.24.2,ANGPT2.13660.76.3,NA,NA,NA,NA,-0.02528,0.136
CLU.4542.24.2,APOB.2797.56.2,0.5644,7.663,0.07365,0.9413,0.134,0.1485
CLU.4542.24.2,CCL26.9168.31.3,0.1718,3.291,0.05222,0.9584,0.1184,0.149
CLU.4542.24.2,CRP.4337.49.2,-0.257,2.722,-0.09442,0.9248,0.08331,0.1473
CLU.4542.24.2,CSF3.8952.65.3,1.626,18.24,0.0891,0.929,0.07119,0.1405
CLU.4542.24.2,IL13.3072.4.2,0.2145,2.738,0.07833,0.9376,0.07719,0.1509
CLU.4542.24.2,CXCL8.3447.64.2,1.039,14.16,0.07342,0.9415,0.225,0.1249
CLU.4542.24.2,KITLG.9377.25.3,NA,NA,NA,NA,NA,NA
CLU.4542.24.2,MMP9.2579.17.5,1.546,15.71,0.0984,0.9216,0.1395,0.1375
CLU.4542.24.2,NPPB.3723.1.2,NA,NA,NA,NA,-0.193,0.1395
CLU.4542.24.2,PLG.3710.49.2,-1.045,10.69,-0.09775,0.9221,0.1801,0.1463
CLU.4542.24.2,RETN.3046.31.1,-0.4008,5.897,-0.06797,0.9458,0.3604,0.1837
CLU.4542.24.2,TF.4162.54.2,NA,NA,NA,NA,-0.2972,0.1434
CLU.4542.24.2,TNC.4155.3.2,1.752,18.88,0.09283,0.926,0.2446,0.2254
CLU.4542.24.2,TNF.5936.53.3,NA,NA,NA,NA,-0.1348,0.1452
CLU.4542.24.2,VCAM1.2967.8.1,0.4139,2.385,0.1735,0.8622,0.348,0.1551
CLU.4542.24.2,GC.6581.50.3,NA,NA,NA,NA,-0.1764,0.1326
CRP.4337.49.2,PPY.4588.1.2,-1.638,21.43,-0.07646,0.9391,0.04475,0.1419
CRP.4337.49.2,APOE.2937.10.2,NA,NA,NA,NA,-0.02788,0.1569
CRP.4337.49.2,CFH.4159.130.1,0.4288,0.5383,0.7966,0.4257,0.3751,0.2126
CRP.4337.49.2,SERPING1.4479.14.2,-1.198,1.599,-0.7492,0.4538,0.5454,0.436
CRP.4337.49.2,C3.2755.8.2,NA,NA,NA,NA,-0.2689,0.1438
CRP.4337.49.2,FGA.FGB.FGG.4907.56.1,0.8163,1.141,0.7157,0.4742,0.2009,0.1441
CRP.4337.49.2,APCS.2474.54.5,0.6993,0.6415,1.09,0.2757,0.2001,0.135
CRP.4337.49.2,HP.3054.3.2,0.2329,0.3694,0.6305,0.5284,1.023,0.7463
CRP.4337.49.2,IL3.4717.55.2,NA,NA,NA,NA,-0.1726,0.1336
CRP.4337.49.2,C4A.C4B.4481.34.2,NA,NA,NA,NA,NA,NA
CRP.4337.49.2,IL10.2773.50.2,NA,NA,NA,NA,-0.007392,0.1383
CRP.4337.49.2,VTN.13125.45.3,NA,NA,NA,NA,NA,NA
CRP.4337.49.2,IGFBP2.2570.72.5,0.8144,1.362,0.5979,0.5499,0.2408,0.1333
CRP.4337.49.2,ANGPT2.13660.76.3,NA,NA,NA,NA,-0.02528,0.136
CRP.4337.49.2,APOB.2797.56.2,1.059,2.125,0.4985,0.6181,0.134,0.1485
CRP.4337.49.2,CCL26.9168.31.3,-0.1274,1.166,-0.1092,0.9131,0.1184,0.149
CRP.4337.49.2,CLU.4542.24.2,-0.257,2.722,-0.09442,0.9248,0.04563,0.1342
CRP.4337.49.2,CSF3.8952.65.3,-0.286,1.464,-0.1954,0.8451,0.07119,0.1405
CRP.4337.49.2,IL13.3072.4.2,0.5544,1.902,0.2915,0.7706,0.07719,0.1509
CRP.4337.49.2,CXCL8.3447.64.2,0.6685,1.215,0.5502,0.5822,0.225,0.1249
CRP.4337.49.2,KITLG.9377.25.3,NA,NA,NA,NA,NA,NA
CRP.4337.49.2,MMP9.2579.17.5,0.1471,0.9691,0.1518,0.8794,0.1395,0.1375
CRP.4337.49.2,NPPB.3723.1.2,NA,NA,NA,NA,-0.193,0.1395
CRP.4337.49.2,PLG.3710.49.2,-0.5108,1.051,-0.4859,0.6271,0.1801,0.1463
CRP.4337.49.2,RETN.3046.31.1,0.5137,0.7446,0.6899,0.4903,0.3604,0.1837
CRP.4337.49.2,TF.4162.54.2,NA,NA,NA,NA,-0.2972,0.1434
CRP.4337.49.2,TNC.4155.3.2,0.9218,1.504,0.613,0.5399,0.2446,0.2254
CRP.4337.49.2,TNF.5936.53.3,NA,NA,NA,NA,-0.1348,0.1452
CRP.4337.49.2,VCAM1.2967.8.1,-0.3068,0.832,-0.3688,0.7123,0.348,0.1551
CRP.4337.49.2,GC.6581.50.3,NA,NA,NA,NA,-0.1764,0.1326
CSF3.8952.65.3,PPY.4588.1.2,-0.4278,2.289,-0.1869,0.8518,0.04475,0.1419
CSF3.8952.65.3,APOE.2937.10.2,NA,NA,NA,NA,-0.02788,0.1569
CSF3.8952.65.3,CFH.4159.130.1,-1.477,1.867,-0.7913,0.4288,0.3751,0.2126
CSF3.8952.65.3,SERPING1.4479.14.2,-0.8461,1.264,-0.6695,0.5032,0.5454,0.436
CSF3.8952.65.3,C3.2755.8.2,NA,NA,NA,NA,-0.2689,0.1438
CSF3.8952.65.3,FGA.FGB.FGG.4907.56.1,-0.1343,0.8228,-0.1632,0.8703,0.2009,0.1441
CSF3.8952.65.3,APCS.2474.54.5,-1.216,1.51,-0.8056,0.4205,0.2001,0.135
CSF3.8952.65.3,HP.3054.3.2,-0.4222,0.6708,-0.6294,0.5291,1.023,0.7463
CSF3.8952.65.3,IL3.4717.55.2,NA,NA,NA,NA,-0.1726,0.1336
CSF3.8952.65.3,C4A.C4B.4481.34.2,NA,NA,NA,NA,NA,NA
CSF3.8952.65.3,IL10.2773.50.2,NA,NA,NA,NA,-0.007392,0.1383
CSF3.8952.65.3,VTN.13125.45.3,NA,NA,NA,NA,NA,NA
CSF3.8952.65.3,IGFBP2.2570.72.5,0.8033,1.186,0.6775,0.4981,0.2408,0.1333
CSF3.8952.65.3,ANGPT2.13660.76.3,NA,NA,NA,NA,-0.02528,0.136
CSF3.8952.65.3,APOB.2797.56.2,1.442,1.56,0.9244,0.3553,0.134,0.1485
CSF3.8952.65.3,CCL26.9168.31.3,-0.7995,1.342,-0.5958,0.5513,0.1184,0.149
CSF3.8952.65.3,CRP.4337.49.2,-0.286,1.464,-0.1954,0.8451,0.08331,0.1473
CSF3.8952.65.3,CLU.4542.24.2,1.626,18.24,0.0891,0.929,0.04563,0.1342
CSF3.8952.65.3,IL13.3072.4.2,-0.8051,1.755,-0.4589,0.6463,0.07719,0.1509
CSF3.8952.65.3,CXCL8.3447.64.2,-0.584,1.142,-0.5116,0.6089,0.225,0.1249
CSF3.8952.65.3,KITLG.9377.25.3,NA,NA,NA,NA,NA,NA
CSF3.8952.65.3,MMP9.2579.17.5,-0.2365,0.985,-0.2401,0.8103,0.1395,0.1375
CSF3.8952.65.3,NPPB.3723.1.2,NA,NA,NA,NA,-0.193,0.1395
CSF3.8952.65.3,PLG.3710.49.2,-1.394,1.955,-0.7132,0.4757,0.1801,0.1463
CSF3.8952.65.3,RETN.3046.31.1,-0.7598,1.101,-0.69,0.4902,0.3604,0.1837
CSF3.8952.65.3,TF.4162.54.2,NA,NA,NA,NA,-0.2972,0.1434
CSF3.8952.65.3,TNC.4155.3.2,0.731,1.009,0.7242,0.469,0.2446,0.2254
CSF3.8952.65.3,TNF.5936.53.3,NA,NA,NA,NA,-0.1348,0.1452
CSF3.8952.65.3,VCAM1.2967.8.1,0.8562,1.034,0.8282,0.4075,0.348,0.1551
CSF3.8952.65.3,GC.6581.50.3,NA,NA,NA,NA,-0.1764,0.1326
CXCL8.3447.64.2,PPY.4588.1.2,-2.231,21.64,-0.1031,0.9179,0.04475,0.1419
CXCL8.3447.64.2,APOE.2937.10.2,NA,NA,NA,NA,-0.02788,0.1569
CXCL8.3447.64.2,CFH.4159.130.1,0.3101,0.3531,0.8783,0.3798,0.3751,0.2126
CXCL8.3447.64.2,SERPING1.4479.14.2,-0.1102,0.3235,-0.3405,0.7335,0.5454,0.436
CXCL8.3447.64.2,C3.2755.8.2,NA,NA,NA,NA,-0.2689,0.1438
CXCL8.3447.64.2,FGA.FGB.FGG.4907.56.1,0.8496,0.5923,1.434,0.1515,0.2009,0.1441
CXCL8.3447.64.2,APCS.2474.54.5,0.9969,0.6487,1.537,0.1243,0.2001,0.135
CXCL8.3447.64.2,HP.3054.3.2,0.06913,0.4286,0.1613,0.8719,1.023,0.7463
CXCL8.3447.64.2,IL3.4717.55.2,NA,NA,NA,NA,-0.1726,0.1336
CXCL8.3447.64.2,C4A.C4B.4481.34.2,NA,NA,NA,NA,NA,NA
CXCL8.3447.64.2,IL10.2773.50.2,NA,NA,NA,NA,-0.007392,0.1383
CXCL8.3447.64.2,VTN.13125.45.3,NA,NA,NA,NA,NA,NA
CXCL8.3447.64.2,IGFBP2.2570.72.5,-0.8693,0.5465,-1.591,0.1117,0.2408,0.1333
CXCL8.3447.64.2,ANGPT2.13660.76.3,NA,NA,NA,NA,-0.02528,0.136
CXCL8.3447.64.2,APOB.2797.56.2,-0.1285,0.6814,-0.1886,0.8504,0.134,0.1485
CXCL8.3447.64.2,CCL26.9168.31.3,-0.5503,0.7668,-0.7176,0.473,0.1184,0.149
CXCL8.3447.64.2,CRP.4337.49.2,0.6685,1.215,0.5502,0.5822,0.08331,0.1473
CXCL8.3447.64.2,CLU.4542.24.2,1.039,14.16,0.07342,0.9415,0.04563,0.1342
CXCL8.3447.64.2,CSF3.8952.65.3,-0.584,1.142,-0.5116,0.6089,0.07119,0.1405
CXCL8.3447.64.2,IL13.3072.4.2,0.153,0.8024,0.1907,0.8488,0.07719,0.1509
CXCL8.3447.64.2,KITLG.9377.25.3,NA,NA,NA,NA,NA,NA
CXCL8.3447.64.2,MMP9.2579.17.5,0.1201,0.6532,0.1838,0.8542,0.1395,0.1375
CXCL8.3447.64.2,NPPB.3723.1.2,NA,NA,NA,NA,-0.193,0.1395
CXCL8.3447.64.2,PLG.3710.49.2,0.7623,0.5629,1.354,0.1757,0.1801,0.1463
CXCL8.3447.64.2,RETN.3046.31.1,-0.05792,0.4478,-0.1293,0.8971,0.3604,0.1837
CXCL8.3447.64.2,TF.4162.54.2,NA,NA,NA,NA,-0.2972,0.1434
CXCL8.3447.64.2,TNC.4155.3.2,-0.02524,0.4516,-0.05589,0.9554,0.2446,0.2254
CXCL8.3447.64.2,TNF.5936.53.3,NA,NA,NA,NA,-0.1348,0.1452
CXCL8.3447.64.2,VCAM1.2967.8.1,-0.1876,0.3781,-0.4963,0.6197,0.348,0.1551
CXCL8.3447.64.2,GC.6581.50.3,NA,NA,NA,NA,-0.1764,0.1326
FGA.FGB.FGG.4907.56.1,PPY.4588.1.2,0.01919,2.679,0.007163,0.9943,0.04475,0.1419
FGA.FGB.FGG.4907.56.1,APOE.2937.10.2,NA,NA,NA,NA,-0.02788,0.1569
FGA.FGB.FGG.4907.56.1,CFH.4159.130.1,0.4986,0.4599,1.084,0.2783,0.3751,0.2126
FGA.FGB.FGG.4907.56.1,SERPING1.4479.14.2,-0.3176,0.4975,-0.6383,0.5233,0.5454,0.436
FGA.FGB.FGG.4907.56.1,C3.2755.8.2,NA,NA,NA,NA,-0.2689,0.1438
FGA.FGB.FGG.4907.56.1,APCS.2474.54.5,0.416,0.4923,0.8449,0.3982,0.2001,0.135
FGA.FGB.FGG.4907.56.1,HP.3054.3.2,-0.2365,0.3053,-0.7746,0.4386,1.023,0.7463
FGA.FGB.FGG.4907.56.1,IL3.4717.55.2,NA,NA,NA,NA,-0.1726,0.1336
FGA.FGB.FGG.4907.56.1,C4A.C4B.4481.34.2,NA,NA,NA,NA,NA,NA
FGA.FGB.FGG.4907.56.1,IL10.2773.50.2,NA,NA,NA,NA,-0.007392,0.1383
FGA.FGB.FGG.4907.56.1,VTN.13125.45.3,NA,NA,NA,NA,NA,NA
FGA.FGB.FGG.4907.56.1,IGFBP2.2570.72.5,-0.2409,0.4604,-0.5232,0.6008,0.2408,0.1333
FGA.FGB.FGG.4907.56.1,ANGPT2.13660.76.3,NA,NA,NA,NA,-0.02528,0.136
FGA.FGB.FGG.4907.56.1,APOB.2797.56.2,0.4573,0.675,0.6775,0.4981,0.134,0.1485
FGA.FGB.FGG.4907.56.1,CCL26.9168.31.3,-0.3434,0.5928,-0.5793,0.5624,0.1184,0.149
FGA.FGB.FGG.4907.56.1,CRP.4337.49.2,0.8163,1.141,0.7157,0.4742,0.08331,0.1473
FGA.FGB.FGG.4907.56.1,CLU.4542.24.2,-0.7486,4.968,-0.1507,0.8802,0.04563,0.1342
FGA.FGB.FGG.4907.56.1,CSF3.8952.65.3,-0.1343,0.8228,-0.1632,0.8703,0.07119,0.1405
FGA.FGB.FGG.4907.56.1,IL13.3072.4.2,-0.345,0.8225,-0.4195,0.6748,0.07719,0.1509
FGA.FGB.FGG.4907.56.1,CXCL8.3447.64.2,0.8496,0.5923,1.434,0.1515,0.225,0.1249
FGA.FGB.FGG.4907.56.1,KITLG.9377.25.3,NA,NA,NA,NA,NA,NA
FGA.FGB.FGG.4907.56.1,MMP9.2579.17.5,0.563,0.6541,0.8607,0.3894,0.1395,0.1375
FGA.FGB.FGG.4907.56.1,NPPB.3723.1.2,NA,NA,NA,NA,-0.193,0.1395
FGA.FGB.FGG.4907.56.1,PLG.3710.49.2,0.2734,0.5191,0.5267,0.5984,0.1801,0.1463
FGA.FGB.FGG.4907.56.1,RETN.3046.31.1,0.154,0.3947,0.3901,0.6965,0.3604,0.1837
FGA.FGB.FGG.4907.56.1,TF.4162.54.2,NA,NA,NA,NA,-0.2972,0.1434
FGA.FGB.FGG.4907.56.1,TNC.4155.3.2,0.1541,0.4936,0.3121,0.7549,0.2446,0.2254
FGA.FGB.FGG.4907.56.1,TNF.5936.53.3,NA,NA,NA,NA,-0.1348,0.1452
FGA.FGB.FGG.4907.56.1,VCAM1.2967.8.1,-0.0741,0.4242,-0.1747,0.8613,0.348,0.1551
FGA.FGB.FGG.4907.56.1,GC.6581.50.3,NA,NA,NA,NA,-0.1764,0.1326
GC.6581.50.3,PPY.4588.1.2,NA,NA,NA,NA,0.0447,0.1419
GC.6581.50.3,APOE.2937.10.2,NA,NA,NA,NA,-0.0279,0.1569
GC.6581.50.3,CFH.4159.130.1,NA,NA,NA,NA,0.3751,0.2126
GC.6581.50.3,SERPING1.4479.14.2,NA,NA,NA,NA,0.5454,0.436
GC.6581.50.3,C3.2755.8.2,NA,NA,NA,NA,-0.2689,0.1438
GC.6581.50.3,FGA.FGB.FGG.4907.56.1,NA,NA,NA,NA,0.2009,0.1441
GC.6581.50.3,APCS.2474.54.5,NA,NA,NA,NA,0.2001,0.135
GC.6581.50.3,HP.3054.3.2,NA,NA,NA,NA,1.023,0.7463
GC.6581.50.3,IL3.4717.55.2,NA,NA,NA,NA,-0.1726,0.1336
GC.6581.50.3,C4A.C4B.4481.34.2,NA,NA,NA,NA,0.0196,0.1432
GC.6581.50.3,IL10.2773.50.2,NA,NA,NA,NA,-0.0074,0.1383
GC.6581.50.3,VTN.13125.45.3,NA,NA,NA,NA,0.0855,0.1857
GC.6581.50.3,IGFBP2.2570.72.5,NA,NA,NA,NA,0.2408,0.1333
GC.6581.50.3,ANGPT2.13660.76.3,NA,NA,NA,NA,-0.0253,0.136
GC.6581.50.3,APOB.2797.56.2,NA,NA,NA,NA,0.134,0.1485
GC.6581.50.3,CCL26.9168.31.3,NA,NA,NA,NA,0.1184,0.149
GC.6581.50.3,CRP.4337.49.2,NA,NA,NA,NA,0.0833,0.1473
GC.6581.50.3,CLU.4542.24.2,NA,NA,NA,NA,0.0456,0.1342
GC.6581.50.3,CSF3.8952.65.3,NA,NA,NA,NA,0.0712,0.1405
GC.6581.50.3,IL13.3072.4.2,NA,NA,NA,NA,0.0772,0.1509
GC.6581.50.3,CXCL8.3447.64.2,NA,NA,NA,NA,0.225,0.1249
GC.6581.50.3,KITLG.9377.25.3,NA,NA,NA,NA,0.0207,0.1257
GC.6581.50.3,MMP9.2579.17.5,NA,NA,NA,NA,0.1395,0.1375
GC.6581.50.3,NPPB.3723.1.2,NA,NA,NA,NA,-0.193,0.1395
GC.6581.50.3,PLG.3710.49.2,NA,NA,NA,NA,0.1801,0.1463
GC.6581.50.3,RETN.3046.31.1,NA,NA,NA,NA,0.3604,0.1837
GC.6581.50.3,TF.4162.54.2,NA,NA,NA,NA,-0.2972,0.1434
GC.6581.50.3,TNC.4155.3.2,NA,NA,NA,NA,0.2446,0.2254
GC.6581.50.3,TNF.5936.53.3,NA,NA,NA,NA,-0.1348,0.1452
GC.6581.50.3,VCAM1.2967.8.1,NA,NA,NA,NA,0.348,0.1551
HP.3054.3.2,PPY.4588.1.2,-0.7779,8.612,-0.09033,0.928,0.04475,0.1419
HP.3054.3.2,APOE.2937.10.2,NA,NA,NA,NA,-0.02788,0.1569
HP.3054.3.2,CFH.4159.130.1,0.01914,0.1758,0.1089,0.9133,0.3751,0.2126
HP.3054.3.2,SERPING1.4479.14.2,-0.1326,0.2037,-0.6508,0.5152,0.5454,0.436
HP.3054.3.2,C3.2755.8.2,NA,NA,NA,NA,-0.2689,0.1438
HP.3054.3.2,FGA.FGB.FGG.4907.56.1,-0.2365,0.3053,-0.7746,0.4386,0.2009,0.1441
HP.3054.3.2,APCS.2474.54.5,0.4778,0.5989,0.7979,0.425,0.2001,0.135
HP.3054.3.2,IL3.4717.55.2,NA,NA,NA,NA,-0.1726,0.1336
HP.3054.3.2,C4A.C4B.4481.34.2,NA,NA,NA,NA,NA,NA
HP.3054.3.2,IL10.2773.50.2,NA,NA,NA,NA,-0.007392,0.1383
HP.3054.3.2,VTN.13125.45.3,NA,NA,NA,NA,NA,NA
HP.3054.3.2,IGFBP2.2570.72.5,-0.06634,0.2081,-0.3188,0.7499,0.2408,0.1333
HP.3054.3.2,ANGPT2.13660.76.3,NA,NA,NA,NA,-0.02528,0.136
HP.3054.3.2,APOB.2797.56.2,0.1483,0.4041,0.3671,0.7135,0.134,0.1485
HP.3054.3.2,CCL26.9168.31.3,-0.002675,0.3441,-0.007772,0.9938,0.1184,0.149
HP.3054.3.2,CRP.4337.49.2,0.2329,0.3694,0.6305,0.5284,0.08331,0.1473
HP.3054.3.2,CLU.4542.24.2,-0.1173,2.142,-0.05476,0.9563,0.04563,0.1342
HP.3054.3.2,CSF3.8952.65.3,-0.4222,0.6708,-0.6294,0.5291,0.07119,0.1405
HP.3054.3.2,IL13.3072.4.2,0.7111,1.09,0.6521,0.5143,0.07719,0.1509
HP.3054.3.2,CXCL8.3447.64.2,0.06913,0.4286,0.1613,0.8719,0.225,0.1249
HP.3054.3.2,KITLG.9377.25.3,NA,NA,NA,NA,NA,NA
HP.3054.3.2,MMP9.2579.17.5,0.1539,0.3943,0.3902,0.6964,0.1395,0.1375
HP.3054.3.2,NPPB.3723.1.2,NA,NA,NA,NA,-0.193,0.1395
HP.3054.3.2,PLG.3710.49.2,0.5675,0.5374,1.056,0.2909,0.1801,0.1463
HP.3054.3.2,RETN.3046.31.1,0.05327,0.2639,0.2019,0.84,0.3604,0.1837
HP.3054.3.2,TF.4162.54.2,NA,NA,NA,NA,-0.2972,0.1434
HP.3054.3.2,TNC.4155.3.2,-0.4173,0.4221,-0.9887,0.3228,0.2446,0.2254
HP.3054.3.2,TNF.5936.53.3,NA,NA,NA,NA,-0.1348,0.1452
HP.3054.3.2,VCAM1.2967.8.1,-0.4244,0.4706,-0.9018,0.3672,0.348,0.1551
HP.3054.3.2,GC.6581.50.3,NA,NA,NA,NA,-0.1764,0.1326
IGFBP2.2570.72.5,PPY.4588.1.2,-1.077,11.66,-0.09238,0.9264,0.04475,0.1419
IGFBP2.2570.72.5,APOE.2937.10.2,NA,NA,NA,NA,-0.02788,0.1569
IGFBP2.2570.72.5,CFH.4159.130.1,-0.7608,0.3427,-2.22,0.02643,0.3751,0.2126
IGFBP2.2570.72.5,SERPING1.4479.14.2,0.3959,0.3793,1.044,0.2966,0.5454,0.436
IGFBP2.2570.72.5,C3.2755.8.2,NA,NA,NA,NA,-0.2689,0.1438
IGFBP2.2570.72.5,FGA.FGB.FGG.4907.56.1,-0.2409,0.4604,-0.5232,0.6008,0.2009,0.1441
IGFBP2.2570.72.5,APCS.2474.54.5,-0.1964,0.4416,-0.4449,0.6564,0.2001,0.135
IGFBP2.2570.72.5,HP.3054.3.2,-0.06634,0.2081,-0.3188,0.7499,1.023,0.7463
IGFBP2.2570.72.5,IL3.4717.55.2,NA,NA,NA,NA,-0.1726,0.1336
IGFBP2.2570.72.5,C4A.C4B.4481.34.2,NA,NA,NA,NA,NA,NA
IGFBP2.2570.72.5,IL10.2773.50.2,NA,NA,NA,NA,-0.007392,0.1383
IGFBP2.2570.72.5,VTN.13125.45.3,NA,NA,NA,NA,NA,NA
IGFBP2.2570.72.5,ANGPT2.13660.76.3,NA,NA,NA,NA,-0.02528,0.136
IGFBP2.2570.72.5,APOB.2797.56.2,-0.2417,0.5293,-0.4567,0.6479,0.134,0.1485
IGFBP2.2570.72.5,CCL26.9168.31.3,0.4892,0.6375,0.7673,0.4429,0.1184,0.149
IGFBP2.2570.72.5,CRP.4337.49.2,0.8144,1.362,0.5979,0.5499,0.08331,0.1473
IGFBP2.2570.72.5,CLU.4542.24.2,1.17,9.685,0.1208,0.9039,0.04563,0.1342
IGFBP2.2570.72.5,CSF3.8952.65.3,0.8033,1.186,0.6775,0.4981,0.07119,0.1405
IGFBP2.2570.72.5,IL13.3072.4.2,0.8551,1.247,0.6854,0.4931,0.07719,0.1509
IGFBP2.2570.72.5,CXCL8.3447.64.2,-0.8693,0.5465,-1.591,0.1117,0.225,0.1249
IGFBP2.2570.72.5,KITLG.9377.25.3,NA,NA,NA,NA,NA,NA
IGFBP2.2570.72.5,MMP9.2579.17.5,-0.7977,0.6298,-1.267,0.2053,0.1395,0.1375
IGFBP2.2570.72.5,NPPB.3723.1.2,NA,NA,NA,NA,-0.193,0.1395
IGFBP2.2570.72.5,PLG.3710.49.2,0.08799,0.4869,0.1807,0.8566,0.1801,0.1463
IGFBP2.2570.72.5,RETN.3046.31.1,0.3579,0.4048,0.884,0.3767,0.3604,0.1837
IGFBP2.2570.72.5,TF.4162.54.2,NA,NA,NA,NA,-0.2972,0.1434
IGFBP2.2570.72.5,TNC.4155.3.2,-0.3467,0.5331,-0.6502,0.5155,0.2446,0.2254
IGFBP2.2570.72.5,TNF.5936.53.3,NA,NA,NA,NA,-0.1348,0.1452
IGFBP2.2570.72.5,VCAM1.2967.8.1,0.05994,0.3693,0.1623,0.8711,0.348,0.1551
IGFBP2.2570.72.5,GC.6581.50.3,NA,NA,NA,NA,-0.1764,0.1326
IL10.2773.50.2,PPY.4588.1.2,NA,NA,NA,NA,0.0447,0.1419
IL10.2773.50.2,APOE.2937.10.2,NA,NA,NA,NA,-0.0279,0.1569
IL10.2773.50.2,CFH.4159.130.1,NA,NA,NA,NA,0.3751,0.2126
IL10.2773.50.2,SERPING1.4479.14.2,NA,NA,NA,NA,0.5454,0.436
IL10.2773.50.2,C3.2755.8.2,NA,NA,NA,NA,-0.2689,0.1438
IL10.2773.50.2,FGA.FGB.FGG.4907.56.1,NA,NA,NA,NA,0.2009,0.1441
IL10.2773.50.2,APCS.2474.54.5,NA,NA,NA,NA,0.2001,0.135
IL10.2773.50.2,HP.3054.3.2,NA,NA,NA,NA,1.023,0.7463
IL10.2773.50.2,IL3.4717.55.2,NA,NA,NA,NA,-0.1726,0.1336
IL10.2773.50.2,C4A.C4B.4481.34.2,NA,NA,NA,NA,0.0196,0.1432
IL10.2773.50.2,VTN.13125.45.3,NA,NA,NA,NA,0.0855,0.1857
IL10.2773.50.2,IGFBP2.2570.72.5,NA,NA,NA,NA,0.2408,0.1333
IL10.2773.50.2,ANGPT2.13660.76.3,NA,NA,NA,NA,-0.0253,0.136
IL10.2773.50.2,APOB.2797.56.2,NA,NA,NA,NA,0.134,0.1485
IL10.2773.50.2,CCL26.9168.31.3,NA,NA,NA,NA,0.1184,0.149
IL10.2773.50.2,CRP.4337.49.2,NA,NA,NA,NA,0.0833,0.1473
IL10.2773.50.2,CLU.4542.24.2,NA,NA,NA,NA,0.0456,0.1342
IL10.2773.50.2,CSF3.8952.65.3,NA,NA,NA,NA,0.0712,0.1405
IL10.2773.50.2,IL13.3072.4.2,NA,NA,NA,NA,0.0772,0.1509
IL10.2773.50.2,CXCL8.3447.64.2,NA,NA,NA,NA,0.225,0.1249
IL10.2773.50.2,KITLG.9377.25.3,NA,NA,NA,NA,0.0207,0.1257
IL10.2773.50.2,MMP9.2579.17.5,NA,NA,NA,NA,0.1395,0.1375
IL10.2773.50.2,NPPB.3723.1.2,NA,NA,NA,NA,-0.193,0.1395
IL10.2773.50.2,PLG.3710.49.2,NA,NA,NA,NA,0.1801,0.1463
IL10.2773.50.2,RETN.3046.31.1,NA,NA,NA,NA,0.3604,0.1837
IL10.2773.50.2,TF.4162.54.2,NA,NA,NA,NA,-0.2972,0.1434
IL10.2773.50.2,TNC.4155.3.2,NA,NA,NA,NA,0.2446,0.2254
IL10.2773.50.2,TNF.5936.53.3,NA,NA,NA,NA,-0.1348,0.1452
IL10.2773.50.2,VCAM1.2967.8.1,NA,NA,NA,NA,0.348,0.1551
IL10.2773.50.2,GC.6581.50.3,NA,NA,NA,NA,-0.1764,0.1326
IL13.3072.4.2,PPY.4588.1.2,0.3281,5.391,0.06086,0.9515,0.04475,0.1419
IL13.3072.4.2,APOE.2937.10.2,NA,NA,NA,NA,-0.02788,0.1569
IL13.3072.4.2,CFH.4159.130.1,-0.533,0.795,-0.6704,0.5026,0.3751,0.2126
IL13.3072.4.2,SERPING1.4479.14.2,0.05953,0.5255,0.1133,0.9098,0.5454,0.436
IL13.3072.4.2,C3.2755.8.2,NA,NA,NA,NA,-0.2689,0.1438
IL13.3072.4.2,FGA.FGB.FGG.4907.56.1,-0.345,0.8225,-0.4195,0.6748,0.2009,0.1441
IL13.3072.4.2,APCS.2474.54.5,-0.2871,0.9987,-0.2875,0.7737,0.2001,0.135
IL13.3072.4.2,HP.3054.3.2,0.7111,1.09,0.6521,0.5143,1.023,0.7463
IL13.3072.4.2,IL3.4717.55.2,NA,NA,NA,NA,-0.1726,0.1336
IL13.3072.4.2,C4A.C4B.4481.34.2,NA,NA,NA,NA,NA,NA
IL13.3072.4.2,IL10.2773.50.2,NA,NA,NA,NA,-0.007392,0.1383
IL13.3072.4.2,VTN.13125.45.3,NA,NA,NA,NA,NA,NA
IL13.3072.4.2,IGFBP2.2570.72.5,0.8551,1.247,0.6854,0.4931,0.2408,0.1333
IL13.3072.4.2,ANGPT2.13660.76.3,NA,NA,NA,NA,-0.02528,0.136
IL13.3072.4.2,APOB.2797.56.2,-0.4859,0.9923,-0.4897,0.6243,0.134,0.1485
IL13.3072.4.2,CCL26.9168.31.3,-0.4067,1.895,-0.2146,0.8301,0.1184,0.149
IL13.3072.4.2,CRP.4337.49.2,0.5544,1.902,0.2915,0.7706,0.08331,0.1473
IL13.3072.4.2,CLU.4542.24.2,0.2145,2.738,0.07833,0.9376,0.04563,0.1342
IL13.3072.4.2,CSF3.8952.65.3,-0.8051,1.755,-0.4589,0.6463,0.07119,0.1405
IL13.3072.4.2,CXCL8.3447.64.2,0.153,0.8024,0.1907,0.8488,0.225,0.1249
IL13.3072.4.2,KITLG.9377.25.3,NA,NA,NA,NA,NA,NA
IL13.3072.4.2,MMP9.2579.17.5,-0.4019,1.263,-0.3182,0.7503,0.1395,0.1375
IL13.3072.4.2,NPPB.3723.1.2,NA,NA,NA,NA,-0.193,0.1395
IL13.3072.4.2,PLG.3710.49.2,-1.064,1.334,-0.7977,0.4251,0.1801,0.1463
IL13.3072.4.2,RETN.3046.31.1,0.5647,0.8449,0.6684,0.5039,0.3604,0.1837
IL13.3072.4.2,TF.4162.54.2,NA,NA,NA,NA,-0.2972,0.1434
IL13.3072.4.2,TNC.4155.3.2,-0.4162,0.8348,-0.4985,0.6181,0.2446,0.2254
IL13.3072.4.2,TNF.5936.53.3,NA,NA,NA,NA,-0.1348,0.1452
IL13.3072.4.2,VCAM1.2967.8.1,0.3858,0.6959,0.5544,0.5793,0.348,0.1551
IL13.3072.4.2,GC.6581.50.3,NA,NA,NA,NA,-0.1764,0.1326
IL3.4717.55.2,PPY.4588.1.2,NA,NA,NA,NA,0.0447,0.1419
IL3.4717.55.2,APOE.2937.10.2,NA,NA,NA,NA,-0.0279,0.1569
IL3.4717.55.2,CFH.4159.130.1,NA,NA,NA,NA,0.3751,0.2126
IL3.4717.55.2,SERPING1.4479.14.2,NA,NA,NA,NA,0.5454,0.436
IL3.4717.55.2,C3.2755.8.2,NA,NA,NA,NA,-0.2689,0.1438
IL3.4717.55.2,FGA.FGB.FGG.4907.56.1,NA,NA,NA,NA,0.2009,0.1441
IL3.4717.55.2,APCS.2474.54.5,NA,NA,NA,NA,0.2001,0.135
IL3.4717.55.2,HP.3054.3.2,NA,NA,NA,NA,1.023,0.7463
IL3.4717.55.2,C4A.C4B.4481.34.2,NA,NA,NA,NA,0.0196,0.1432
IL3.4717.55.2,IL10.2773.50.2,NA,NA,NA,NA,-0.0074,0.1383
IL3.4717.55.2,VTN.13125.45.3,NA,NA,NA,NA,0.0855,0.1857
IL3.4717.55.2,IGFBP2.2570.72.5,NA,NA,NA,NA,0.2408,0.1333
IL3.4717.55.2,ANGPT2.13660.76.3,NA,NA,NA,NA,-0.0253,0.136
IL3.4717.55.2,APOB.2797.56.2,NA,NA,NA,NA,0.134,0.1485
IL3.4717.55.2,CCL26.9168.31.3,NA,NA,NA,NA,0.1184,0.149
IL3.4717.55.2,CRP.4337.49.2,NA,NA,NA,NA,0.0833,0.1473
IL3.4717.55.2,CLU.4542.24.2,NA,NA,NA,NA,0.0456,0.1342
IL3.4717.55.2,CSF3.8952.65.3,NA,NA,NA,NA,0.0712,0.1405
IL3.4717.55.2,IL13.3072.4.2,NA,NA,NA,NA,0.0772,0.1509
IL3.4717.55.2,CXCL8.3447.64.2,NA,NA,NA,NA,0.225,0.1249
IL3.4717.55.2,KITLG.9377.25.3,NA,NA,NA,NA,0.0207,0.1257
IL3.4717.55.2,MMP9.2579.17.5,NA,NA,NA,NA,0.1395,0.1375
IL3.4717.55.2,NPPB.3723.1.2,NA,NA,NA,NA,-0.193,0.1395
IL3.4717.55.2,PLG.3710.49.2,NA,NA,NA,NA,0.1801,0.1463
IL3.4717.55.2,RETN.3046.31.1,NA,NA,NA,NA,0.3604,0.1837
IL3.4717.55.2,TF.4162.54.2,NA,NA,NA,NA,-0.2972,0.1434
IL3.4717.55.2,TNC.4155.3.2,NA,NA,NA,NA,0.2446,0.2254
IL3.4717.55.2,TNF.5936.53.3,NA,NA,NA,NA,-0.1348,0.1452
IL3.4717.55.2,VCAM1.2967.8.1,NA,NA,NA,NA,0.348,0.1551
IL3.4717.55.2,GC.6581.50.3,NA,NA,NA,NA,-0.1764,0.1326
KITLG.9377.25.3,PPY.4588.1.2,NA,NA,NA,NA,NA,NA
KITLG.9377.25.3,APOE.2937.10.2,NA,NA,NA,NA,-0.02788,0.1569
KITLG.9377.25.3,CFH.4159.130.1,NA,NA,NA,NA,NA,NA
KITLG.9377.25.3,SERPING1.4479.14.2,NA,NA,NA,NA,NA,NA
KITLG.9377.25.3,C3.2755.8.2,NA,NA,NA,NA,-0.2689,0.1438
KITLG.9377.25.3,FGA.FGB.FGG.4907.56.1,NA,NA,NA,NA,NA,NA
KITLG.9377.25.3,APCS.2474.54.5,NA,NA,NA,NA,NA,NA
KITLG.9377.25.3,HP.3054.3.2,NA,NA,NA,NA,NA,NA
KITLG.9377.25.3,IL3.4717.55.2,NA,NA,NA,NA,-0.1726,0.1336
KITLG.9377.25.3,C4A.C4B.4481.34.2,NA,NA,NA,NA,NA,NA
KITLG.9377.25.3,IL10.2773.50.2,NA,NA,NA,NA,-0.007392,0.1383
KITLG.9377.25.3,VTN.13125.45.3,NA,NA,NA,NA,NA,NA
KITLG.9377.25.3,IGFBP2.2570.72.5,NA,NA,NA,NA,NA,NA
KITLG.9377.25.3,ANGPT2.13660.76.3,NA,NA,NA,NA,-0.02528,0.136
KITLG.9377.25.3,APOB.2797.56.2,NA,NA,NA,NA,NA,NA
KITLG.9377.25.3,CCL26.9168.31.3,NA,NA,NA,NA,NA,NA
KITLG.9377.25.3,CRP.4337.49.2,NA,NA,NA,NA,NA,NA
KITLG.9377.25.3,CLU.4542.24.2,NA,NA,NA,NA,NA,NA
KITLG.9377.25.3,CSF3.8952.65.3,NA,NA,NA,NA,NA,NA
KITLG.9377.25.3,IL13.3072.4.2,NA,NA,NA,NA,NA,NA
KITLG.9377.25.3,CXCL8.3447.64.2,NA,NA,NA,NA,NA,NA
KITLG.9377.25.3,MMP9.2579.17.5,NA,NA,NA,NA,NA,NA
KITLG.9377.25.3,NPPB.3723.1.2,NA,NA,NA,NA,-0.193,0.1395
KITLG.9377.25.3,PLG.3710.49.2,NA,NA,NA,NA,NA,NA
KITLG.9377.25.3,RETN.3046.31.1,NA,NA,NA,NA,NA,NA
KITLG.9377.25.3,TF.4162.54.2,NA,NA,NA,NA,-0.2972,0.1434
KITLG.9377.25.3,TNC.4155.3.2,NA,NA,NA,NA,NA,NA
KITLG.9377.25.3,TNF.5936.53.3,NA,NA,NA,NA,-0.1348,0.1452
KITLG.9377.25.3,VCAM1.2967.8.1,NA,NA,NA,NA,NA,NA
KITLG.9377.25.3,GC.6581.50.3,NA,NA,NA,NA,-0.1764,0.1326
MMP9.2579.17.5,PPY.4588.1.2,0.5975,1.75,0.3413,0.7329,0.04475,0.1419
MMP9.2579.17.5,APOE.2937.10.2,NA,NA,NA,NA,-0.02788,0.1569
MMP9.2579.17.5,CFH.4159.130.1,0.6617,0.4952,1.336,0.1815,0.3751,0.2126
MMP9.2579.17.5,SERPING1.4479.14.2,-0.3211,0.5677,-0.5657,0.5716,0.5454,0.436
MMP9.2579.17.5,C3.2755.8.2,NA,NA,NA,NA,-0.2689,0.1438
MMP9.2579.17.5,FGA.FGB.FGG.4907.56.1,0.563,0.6541,0.8607,0.3894,0.2009,0.1441
MMP9.2579.17.5,APCS.2474.54.5,0.05382,0.6667,0.08074,0.9357,0.2001,0.135
MMP9.2579.17.5,HP.3054.3.2,0.1539,0.3943,0.3902,0.6964,1.023,0.7463
MMP9.2579.17.5,IL3.4717.55.2,NA,NA,NA,NA,-0.1726,0.1336
MMP9.2579.17.5,C4A.C4B.4481.34.2,NA,NA,NA,NA,NA,NA
MMP9.2579.17.5,IL10.2773.50.2,NA,NA,NA,NA,-0.007392,0.1383
MMP9.2579.17.5,VTN.13125.45.3,NA,NA,NA,NA,NA,NA
MMP9.2579.17.5,IGFBP2.2570.72.5,-0.7977,0.6298,-1.267,0.2053,0.2408,0.1333
MMP9.2579.17.5,ANGPT2.13660.76.3,NA,NA,NA,NA,-0.02528,0.136
MMP9.2579.17.5,APOB.2797.56.2,-0.9834,0.9063,-1.085,0.2779,0.134,0.1485
MMP9.2579.17.5,CCL26.9168.31.3,-0.225,0.8548,-0.2632,0.7924,0.1184,0.149
MMP9.2579.17.5,CRP.4337.49.2,0.1471,0.9691,0.1518,0.8794,0.08331,0.1473
MMP9.2579.17.5,CLU.4542.24.2,1.546,15.71,0.0984,0.9216,0.04563,0.1342
MMP9.2579.17.5,CSF3.8952.65.3,-0.2365,0.985,-0.2401,0.8103,0.07119,0.1405
MMP9.2579.17.5,IL13.3072.4.2,-0.4019,1.263,-0.3182,0.7503,0.07719,0.1509
MMP9.2579.17.5,CXCL8.3447.64.2,0.1201,0.6532,0.1838,0.8542,0.225,0.1249
MMP9.2579.17.5,KITLG.9377.25.3,NA,NA,NA,NA,NA,NA
MMP9.2579.17.5,NPPB.3723.1.2,NA,NA,NA,NA,-0.193,0.1395
MMP9.2579.17.5,PLG.3710.49.2,0.4247,0.7542,0.5631,0.5733,0.1801,0.1463
MMP9.2579.17.5,RETN.3046.31.1,1.033,0.5603,1.844,0.06512,0.3604,0.1837
MMP9.2579.17.5,TF.4162.54.2,NA,NA,NA,NA,-0.2972,0.1434
MMP9.2579.17.5,TNC.4155.3.2,-0.1838,0.615,-0.2988,0.7651,0.2446,0.2254
MMP9.2579.17.5,TNF.5936.53.3,NA,NA,NA,NA,-0.1348,0.1452
MMP9.2579.17.5,VCAM1.2967.8.1,0.4795,0.5824,0.8233,0.4103,0.348,0.1551
MMP9.2579.17.5,GC.6581.50.3,NA,NA,NA,NA,-0.1764,0.1326
NPPB.3723.1.2,PPY.4588.1.2,NA,NA,NA,NA,0.0447,0.1419
NPPB.3723.1.2,APOE.2937.10.2,NA,NA,NA,NA,-0.0279,0.1569
NPPB.3723.1.2,CFH.4159.130.1,NA,NA,NA,NA,0.3751,0.2126
NPPB.3723.1.2,SERPING1.4479.14.2,NA,NA,NA,NA,0.5454,0.436
NPPB.3723.1.2,C3.2755.8.2,NA,NA,NA,NA,-0.2689,0.1438
NPPB.3723.1.2,FGA.FGB.FGG.4907.56.1,NA,NA,NA,NA,0.2009,0.1441
NPPB.3723.1.2,APCS.2474.54.5,NA,NA,NA,NA,0.2001,0.135
NPPB.3723.1.2,HP.3054.3.2,NA,NA,NA,NA,1.023,0.7463
NPPB.3723.1.2,IL3.4717.55.2,NA,NA,NA,NA,-0.1726,0.1336
NPPB.3723.1.2,C4A.C4B.4481.34.2,NA,NA,NA,NA,0.0196,0.1432
NPPB.3723.1.2,IL10.2773.50.2,NA,NA,NA,NA,-0.0074,0.1383
NPPB.3723.1.2,VTN.13125.45.3,NA,NA,NA,NA,0.0855,0.1857
NPPB.3723.1.2,IGFBP2.2570.72.5,NA,NA,NA,NA,0.2408,0.1333
NPPB.3723.1.2,ANGPT2.13660.76.3,NA,NA,NA,NA,-0.0253,0.136
NPPB.3723.1.2,APOB.2797.56.2,NA,NA,NA,NA,0.134,0.1485
NPPB.3723.1.2,CCL26.9168.31.3,NA,NA,NA,NA,0.1184,0.149
NPPB.3723.1.2,CRP.4337.49.2,NA,NA,NA,NA,0.0833,0.1473
NPPB.3723.1.2,CLU.4542.24.2,NA,NA,NA,NA,0.0456,0.1342
NPPB.3723.1.2,CSF3.8952.65.3,NA,NA,NA,NA,0.0712,0.1405
NPPB.3723.1.2,IL13.3072.4.2,NA,NA,NA,NA,0.0772,0.1509
NPPB.3723.1.2,CXCL8.3447.64.2,NA,NA,NA,NA,0.225,0.1249
NPPB.3723.1.2,KITLG.9377.25.3,NA,NA,NA,NA,0.0207,0.1257
NPPB.3723.1.2,MMP9.2579.17.5,NA,NA,NA,NA,0.1395,0.1375
NPPB.3723.1.2,PLG.3710.49.2,NA,NA,NA,NA,0.1801,0.1463
NPPB.3723.1.2,RETN.3046.31.1,NA,NA,NA,NA,0.3604,0.1837
NPPB.3723.1.2,TF.4162.54.2,NA,NA,NA,NA,-0.2972,0.1434
NPPB.3723.1.2,TNC.4155.3.2,NA,NA,NA,NA,0.2446,0.2254
NPPB.3723.1.2,TNF.5936.53.3,NA,NA,NA,NA,-0.1348,0.1452
NPPB.3723.1.2,VCAM1.2967.8.1,NA,NA,NA,NA,0.348,0.1551
NPPB.3723.1.2,GC.6581.50.3,NA,NA,NA,NA,-0.1764,0.1326
PLG.3710.49.2,PPY.4588.1.2,-0.4983,3.649,-0.1366,0.8914,0.04475,0.1419
PLG.3710.49.2,APOE.2937.10.2,NA,NA,NA,NA,-0.02788,0.1569
PLG.3710.49.2,CFH.4159.130.1,-0.4469,0.4422,-1.011,0.3122,0.3751,0.2126
PLG.3710.49.2,SERPING1.4479.14.2,-0.07398,0.3591,-0.206,0.8368,0.5454,0.436
PLG.3710.49.2,C3.2755.8.2,NA,NA,NA,NA,-0.2689,0.1438
PLG.3710.49.2,FGA.FGB.FGG.4907.56.1,0.2734,0.5191,0.5267,0.5984,0.2009,0.1441
PLG.3710.49.2,APCS.2474.54.5,0.9035,0.5632,1.604,0.1087,0.2001,0.135
PLG.3710.49.2,HP.3054.3.2,0.5675,0.5374,1.056,0.2909,1.023,0.7463
PLG.3710.49.2,IL3.4717.55.2,NA,NA,NA,NA,-0.1726,0.1336
PLG.3710.49.2,C4A.C4B.4481.34.2,NA,NA,NA,NA,NA,NA
PLG.3710.49.2,IL10.2773.50.2,NA,NA,NA,NA,-0.007392,0.1383
PLG.3710.49.2,VTN.13125.45.3,NA,NA,NA,NA,NA,NA
PLG.3710.49.2,IGFBP2.2570.72.5,0.08799,0.4869,0.1807,0.8566,0.2408,0.1333
PLG.3710.49.2,ANGPT2.13660.76.3,NA,NA,NA,NA,-0.02528,0.136
PLG.3710.49.2,APOB.2797.56.2,0.3603,0.5812,0.6199,0.5353,0.134,0.1485
PLG.3710.49.2,CCL26.9168.31.3,0.752,1.082,0.6949,0.4871,0.1184,0.149
PLG.3710.49.2,CRP.4337.49.2,-0.5108,1.051,-0.4859,0.6271,0.08331,0.1473
PLG.3710.49.2,CLU.4542.24.2,-1.045,10.69,-0.09775,0.9221,0.04563,0.1342
PLG.3710.49.2,CSF3.8952.65.3,-1.394,1.955,-0.7132,0.4757,0.07119,0.1405
PLG.3710.49.2,IL13.3072.4.2,-1.064,1.334,-0.7977,0.4251,0.07719,0.1509
PLG.3710.49.2,CXCL8.3447.64.2,0.7623,0.5629,1.354,0.1757,0.225,0.1249
PLG.3710.49.2,KITLG.9377.25.3,NA,NA,NA,NA,NA,NA
PLG.3710.49.2,MMP9.2579.17.5,0.4247,0.7542,0.5631,0.5733,0.1395,0.1375
PLG.3710.49.2,NPPB.3723.1.2,NA,NA,NA,NA,-0.193,0.1395
PLG.3710.49.2,RETN.3046.31.1,-0.2477,0.5867,-0.4221,0.6729,0.3604,0.1837
PLG.3710.49.2,TF.4162.54.2,NA,NA,NA,NA,-0.2972,0.1434
PLG.3710.49.2,TNC.4155.3.2,0.04572,0.5307,0.08617,0.9313,0.2446,0.2254
PLG.3710.49.2,TNF.5936.53.3,NA,NA,NA,NA,-0.1348,0.1452
PLG.3710.49.2,VCAM1.2967.8.1,-0.468,0.4825,-0.9698,0.3321,0.348,0.1551
PLG.3710.49.2,GC.6581.50.3,NA,NA,NA,NA,-0.1764,0.1326
PPY.4588.1.2,APOE.2937.10.2,NA,NA,NA,NA,-0.02788,0.1569
PPY.4588.1.2,CFH.4159.130.1,0.4258,1.779,0.2394,0.8108,0.3751,0.2126
PPY.4588.1.2,SERPING1.4479.14.2,0.1384,0.6278,0.2205,0.8255,0.5454,0.436
PPY.4588.1.2,C3.2755.8.2,NA,NA,NA,NA,-0.2689,0.1438
PPY.4588.1.2,FGA.FGB.FGG.4907.56.1,0.01919,2.679,0.007163,0.9943,0.2009,0.1441
PPY.4588.1.2,APCS.2474.54.5,0.135,1.55,0.08713,0.9306,0.2001,0.135
PPY.4588.1.2,HP.3054.3.2,-0.7779,8.612,-0.09033,0.928,1.023,0.7463
PPY.4588.1.2,IL3.4717.55.2,NA,NA,NA,NA,-0.1726,0.1336
PPY.4588.1.2,C4A.C4B.4481.34.2,NA,NA,NA,NA,NA,NA
PPY.4588.1.2,IL10.2773.50.2,NA,NA,NA,NA,-0.007392,0.1383
PPY.4588.1.2,VTN.13125.45.3,NA,NA,NA,NA,NA,NA
PPY.4588.1.2,IGFBP2.2570.72.5,-1.077,11.66,-0.09238,0.9264,0.2408,0.1333
PPY.4588.1.2,ANGPT2.13660.76.3,NA,NA,NA,NA,-0.02528,0.136
PPY.4588.1.2,APOB.2797.56.2,-0.1101,2.486,-0.04429,0.9647,0.134,0.1485
PPY.4588.1.2,CCL26.9168.31.3,1.424,28.67,0.04968,0.9604,0.1184,0.149
PPY.4588.1.2,CRP.4337.49.2,-1.638,21.43,-0.07646,0.9391,0.08331,0.1473
PPY.4588.1.2,CLU.4542.24.2,-1.927,24.36,-0.07911,0.9369,0.04563,0.1342
PPY.4588.1.2,CSF3.8952.65.3,-0.4278,2.289,-0.1869,0.8518,0.07119,0.1405
PPY.4588.1.2,IL13.3072.4.2,0.3281,5.391,0.06086,0.9515,0.07719,0.1509
PPY.4588.1.2,CXCL8.3447.64.2,-2.231,21.64,-0.1031,0.9179,0.225,0.1249
PPY.4588.1.2,KITLG.9377.25.3,NA,NA,NA,NA,NA,NA
PPY.4588.1.2,MMP9.2579.17.5,0.5975,1.75,0.3413,0.7329,0.1395,0.1375
PPY.4588.1.2,NPPB.3723.1.2,NA,NA,NA,NA,-0.193,0.1395
PPY.4588.1.2,PLG.3710.49.2,-0.4983,3.649,-0.1366,0.8914,0.1801,0.1463
PPY.4588.1.2,RETN.3046.31.1,0.2267,1.929,0.1175,0.9065,0.3604,0.1837
PPY.4588.1.2,TF.4162.54.2,NA,NA,NA,NA,-0.2972,0.1434
PPY.4588.1.2,TNC.4155.3.2,-0.1094,0.9828,-0.1114,0.9113,0.2446,0.2254
PPY.4588.1.2,TNF.5936.53.3,NA,NA,NA,NA,-0.1348,0.1452
PPY.4588.1.2,VCAM1.2967.8.1,0.3863,1.414,0.2732,0.7847,0.348,0.1551
PPY.4588.1.2,GC.6581.50.3,NA,NA,NA,NA,-0.1764,0.1326
RETN.3046.31.1,PPY.4588.1.2,0.2267,1.929,0.1175,0.9065,0.04475,0.1419
RETN.3046.31.1,APOE.2937.10.2,NA,NA,NA,NA,-0.02788,0.1569
RETN.3046.31.1,CFH.4159.130.1,0.07935,0.2774,0.286,0.7749,0.3751,0.2126
RETN.3046.31.1,SERPING1.4479.14.2,-0.497,0.4893,-1.016,0.3097,0.5454,0.436
RETN.3046.31.1,C3.2755.8.2,NA,NA,NA,NA,-0.2689,0.1438
RETN.3046.31.1,FGA.FGB.FGG.4907.56.1,0.154,0.3947,0.3901,0.6965,0.2009,0.1441
RETN.3046.31.1,APCS.2474.54.5,0.0295,0.5298,0.05568,0.9556,0.2001,0.135
RETN.3046.31.1,HP.3054.3.2,0.05327,0.2639,0.2019,0.84,1.023,0.7463
RETN.3046.31.1,IL3.4717.55.2,NA,NA,NA,NA,-0.1726,0.1336
RETN.3046.31.1,C4A.C4B.4481.34.2,NA,NA,NA,NA,NA,NA
RETN.3046.31.1,IL10.2773.50.2,NA,NA,NA,NA,-0.007392,0.1383
RETN.3046.31.1,VTN.13125.45.3,NA,NA,NA,NA,NA,NA
RETN.3046.31.1,IGFBP2.2570.72.5,0.3579,0.4048,0.884,0.3767,0.2408,0.1333
RETN.3046.31.1,ANGPT2.13660.76.3,NA,NA,NA,NA,-0.02528,0.136
RETN.3046.31.1,APOB.2797.56.2,-0.8818,0.657,-1.342,0.1795,0.134,0.1485
RETN.3046.31.1,CCL26.9168.31.3,0.478,0.8479,0.5637,0.573,0.1184,0.149
RETN.3046.31.1,CRP.4337.49.2,0.5137,0.7446,0.6899,0.4903,0.08331,0.1473
RETN.3046.31.1,CLU.4542.24.2,-0.4008,5.897,-0.06797,0.9458,0.04563,0.1342
RETN.3046.31.1,CSF3.8952.65.3,-0.7598,1.101,-0.69,0.4902,0.07119,0.1405
RETN.3046.31.1,IL13.3072.4.2,0.5647,0.8449,0.6684,0.5039,0.07719,0.1509
RETN.3046.31.1,CXCL8.3447.64.2,-0.05792,0.4478,-0.1293,0.8971,0.225,0.1249
RETN.3046.31.1,KITLG.9377.25.3,NA,NA,NA,NA,NA,NA
RETN.3046.31.1,MMP9.2579.17.5,1.033,0.5603,1.844,0.06512,0.1395,0.1375
RETN.3046.31.1,NPPB.3723.1.2,NA,NA,NA,NA,-0.193,0.1395
RETN.3046.31.1,PLG.3710.49.2,-0.2477,0.5867,-0.4221,0.6729,0.1801,0.1463
RETN.3046.31.1,TF.4162.54.2,NA,NA,NA,NA,-0.2972,0.1434
RETN.3046.31.1,TNC.4155.3.2,-0.5334,0.5779,-0.9231,0.356,0.2446,0.2254
RETN.3046.31.1,TNF.5936.53.3,NA,NA,NA,NA,-0.1348,0.1452
RETN.3046.31.1,VCAM1.2967.8.1,-0.08442,0.3892,-0.2169,0.8283,0.348,0.1551
RETN.3046.31.1,GC.6581.50.3,NA,NA,NA,NA,-0.1764,0.1326
SERPING1.4479.14.2,PPY.4588.1.2,0.1384,0.6278,0.2205,0.8255,0.04475,0.1419
SERPING1.4479.14.2,APOE.2937.10.2,NA,NA,NA,NA,-0.02788,0.1569
SERPING1.4479.14.2,CFH.4159.130.1,-0.5285,0.5679,-0.9307,0.352,0.3751,0.2126
SERPING1.4479.14.2,C3.2755.8.2,NA,NA,NA,NA,-0.2689,0.1438
SERPING1.4479.14.2,FGA.FGB.FGG.4907.56.1,-0.3176,0.4975,-0.6383,0.5233,0.2009,0.1441
SERPING1.4479.14.2,APCS.2474.54.5,-0.3135,0.39,-0.804,0.4214,0.2001,0.135
SERPING1.4479.14.2,HP.3054.3.2,-0.1326,0.2037,-0.6508,0.5152,1.023,0.7463
SERPING1.4479.14.2,IL3.4717.55.2,NA,NA,NA,NA,-0.1726,0.1336
SERPING1.4479.14.2,C4A.C4B.4481.34.2,NA,NA,NA,NA,NA,NA
SERPING1.4479.14.2,IL10.2773.50.2,NA,NA,NA,NA,-0.007392,0.1383
SERPING1.4479.14.2,VTN.13125.45.3,NA,NA,NA,NA,NA,NA
SERPING1.4479.14.2,IGFBP2.2570.72.5,0.3959,0.3793,1.044,0.2966,0.2408,0.1333
SERPING1.4479.14.2,ANGPT2.13660.76.3,NA,NA,NA,NA,-0.02528,0.136
SERPING1.4479.14.2,APOB.2797.56.2,-0.1649,0.4845,-0.3403,0.7336,0.134,0.1485
SERPING1.4479.14.2,CCL26.9168.31.3,0.2061,0.4443,0.464,0.6427,0.1184,0.149
SERPING1.4479.14.2,CRP.4337.49.2,-1.198,1.599,-0.7492,0.4538,0.08331,0.1473
SERPING1.4479.14.2,CLU.4542.24.2,0.2428,1.217,0.1995,0.8419,0.04563,0.1342
SERPING1.4479.14.2,CSF3.8952.65.3,-0.8461,1.264,-0.6695,0.5032,0.07119,0.1405
SERPING1.4479.14.2,IL13.3072.4.2,0.05953,0.5255,0.1133,0.9098,0.07719,0.1509
SERPING1.4479.14.2,CXCL8.3447.64.2,-0.1102,0.3235,-0.3405,0.7335,0.225,0.1249
SERPING1.4479.14.2,KITLG.9377.25.3,NA,NA,NA,NA,NA,NA
SERPING1.4479.14.2,MMP9.2579.17.5,-0.3211,0.5677,-0.5657,0.5716,0.1395,0.1375
SERPING1.4479.14.2,NPPB.3723.1.2,NA,NA,NA,NA,-0.193,0.1395
SERPING1.4479.14.2,PLG.3710.49.2,-0.07398,0.3591,-0.206,0.8368,0.1801,0.1463
SERPING1.4479.14.2,RETN.3046.31.1,-0.497,0.4893,-1.016,0.3097,0.3604,0.1837
SERPING1.4479.14.2,TF.4162.54.2,NA,NA,NA,NA,-0.2972,0.1434
SERPING1.4479.14.2,TNC.4155.3.2,0.355,0.5314,0.6681,0.5041,0.2446,0.2254
SERPING1.4479.14.2,TNF.5936.53.3,NA,NA,NA,NA,-0.1348,0.1452
SERPING1.4479.14.2,VCAM1.2967.8.1,0.05521,0.2251,0.2453,0.8063,0.348,0.1551
SERPING1.4479.14.2,GC.6581.50.3,NA,NA,NA,NA,-0.1764,0.1326
TF.4162.54.2,PPY.4588.1.2,NA,NA,NA,NA,0.0447,0.1419
TF.4162.54.2,APOE.2937.10.2,NA,NA,NA,NA,-0.0279,0.1569
TF.4162.54.2,CFH.4159.130.1,NA,NA,NA,NA,0.3751,0.2126
TF.4162.54.2,SERPING1.4479.14.2,NA,NA,NA,NA,0.5454,0.436
TF.4162.54.2,C3.2755.8.2,NA,NA,NA,NA,-0.2689,0.1438
TF.4162.54.2,FGA.FGB.FGG.4907.56.1,NA,NA,NA,NA,0.2009,0.1441
TF.4162.54.2,APCS.2474.54.5,NA,NA,NA,NA,0.2001,0.135
TF.4162.54.2,HP.3054.3.2,NA,NA,NA,NA,1.023,0.7463
TF.4162.54.2,IL3.4717.55.2,NA,NA,NA,NA,-0.1726,0.1336
TF.4162.54.2,C4A.C4B.4481.34.2,NA,NA,NA,NA,0.0196,0.1432
TF.4162.54.2,IL10.2773.50.2,NA,NA,NA,NA,-0.0074,0.1383
TF.4162.54.2,VTN.13125.45.3,NA,NA,NA,NA,0.0855,0.1857
TF.4162.54.2,IGFBP2.2570.72.5,NA,NA,NA,NA,0.2408,0.1333
TF.4162.54.2,ANGPT2.13660.76.3,NA,NA,NA,NA,-0.0253,0.136
TF.4162.54.2,APOB.2797.56.2,NA,NA,NA,NA,0.134,0.1485
TF.4162.54.2,CCL26.9168.31.3,NA,NA,NA,NA,0.1184,0.149
TF.4162.54.2,CRP.4337.49.2,NA,NA,NA,NA,0.0833,0.1473
TF.4162.54.2,CLU.4542.24.2,NA,NA,NA,NA,0.0456,0.1342
TF.4162.54.2,CSF3.8952.65.3,NA,NA,NA,NA,0.0712,0.1405
TF.4162.54.2,IL13.3072.4.2,NA,NA,NA,NA,0.0772,0.1509
TF.4162.54.2,CXCL8.3447.64.2,NA,NA,NA,NA,0.225,0.1249
TF.4162.54.2,KITLG.9377.25.3,NA,NA,NA,NA,0.0207,0.1257
TF.4162.54.2,MMP9.2579.17.5,NA,NA,NA,NA,0.1395,0.1375
TF.4162.54.2,NPPB.3723.1.2,NA,NA,NA,NA,-0.193,0.1395
TF.4162.54.2,PLG.3710.49.2,NA,NA,NA,NA,0.1801,0.1463
TF.4162.54.2,RETN.3046.31.1,NA,NA,NA,NA,0.3604,0.1837
TF.4162.54.2,TNC.4155.3.2,NA,NA,NA,NA,0.2446,0.2254
TF.4162.54.2,TNF.5936.53.3,NA,NA,NA,NA,-0.1348,0.1452
TF.4162.54.2,VCAM1.2967.8.1,NA,NA,NA,NA,0.348,0.1551
TF.4162.54.2,GC.6581.50.3,NA,NA,NA,NA,-0.1764,0.1326
TNC.4155.3.2,PPY.4588.1.2,-0.1094,0.9828,-0.1114,0.9113,0.04475,0.1419
TNC.4155.3.2,APOE.2937.10.2,NA,NA,NA,NA,-0.02788,0.1569
TNC.4155.3.2,CFH.4159.130.1,-0.1103,0.3487,-0.3164,0.7517,0.3751,0.2126
TNC.4155.3.2,SERPING1.4479.14.2,0.355,0.5314,0.6681,0.5041,0.5454,0.436
TNC.4155.3.2,C3.2755.8.2,NA,NA,NA,NA,-0.2689,0.1438
TNC.4155.3.2,FGA.FGB.FGG.4907.56.1,0.1541,0.4936,0.3121,0.7549,0.2009,0.1441
TNC.4155.3.2,APCS.2474.54.5,0.2258,0.6026,0.3747,0.7079,0.2001,0.135
TNC.4155.3.2,HP.3054.3.2,-0.4173,0.4221,-0.9887,0.3228,1.023,0.7463
TNC.4155.3.2,IL3.4717.55.2,NA,NA,NA,NA,-0.1726,0.1336
TNC.4155.3.2,C4A.C4B.4481.34.2,NA,NA,NA,NA,NA,NA
TNC.4155.3.2,IL10.2773.50.2,NA,NA,NA,NA,-0.007392,0.1383
TNC.4155.3.2,VTN.13125.45.3,NA,NA,NA,NA,NA,NA
TNC.4155.3.2,IGFBP2.2570.72.5,-0.3467,0.5331,-0.6502,0.5155,0.2408,0.1333
TNC.4155.3.2,ANGPT2.13660.76.3,NA,NA,NA,NA,-0.02528,0.136
TNC.4155.3.2,APOB.2797.56.2,0.05645,0.5958,0.09474,0.9245,0.134,0.1485
TNC.4155.3.2,CCL26.9168.31.3,0.0308,0.6519,0.04725,0.9623,0.1184,0.149
TNC.4155.3.2,CRP.4337.49.2,0.9218,1.504,0.613,0.5399,0.08331,0.1473
TNC.4155.3.2,CLU.4542.24.2,1.752,18.88,0.09283,0.926,0.04563,0.1342
TNC.4155.3.2,CSF3.8952.65.3,0.731,1.009,0.7242,0.469,0.07119,0.1405
TNC.4155.3.2,IL13.3072.4.2,-0.4162,0.8348,-0.4985,0.6181,0.07719,0.1509
TNC.4155.3.2,CXCL8.3447.64.2,-0.02524,0.4516,-0.05589,0.9554,0.225,0.1249
TNC.4155.3.2,KITLG.9377.25.3,NA,NA,NA,NA,NA,NA
TNC.4155.3.2,MMP9.2579.17.5,-0.1838,0.615,-0.2988,0.7651,0.1395,0.1375
TNC.4155.3.2,NPPB.3723.1.2,NA,NA,NA,NA,-0.193,0.1395
TNC.4155.3.2,PLG.3710.49.2,0.04572,0.5307,0.08617,0.9313,0.1801,0.1463
TNC.4155.3.2,RETN.3046.31.1,-0.5334,0.5779,-0.9231,0.356,0.3604,0.1837
TNC.4155.3.2,TF.4162.54.2,NA,NA,NA,NA,-0.2972,0.1434
TNC.4155.3.2,TNF.5936.53.3,NA,NA,NA,NA,-0.1348,0.1452
TNC.4155.3.2,VCAM1.2967.8.1,0.7263,0.7169,1.013,0.311,0.348,0.1551
TNC.4155.3.2,GC.6581.50.3,NA,NA,NA,NA,-0.1764,0.1326
TNF.5936.53.3,PPY.4588.1.2,NA,NA,NA,NA,0.0447,0.1419
TNF.5936.53.3,APOE.2937.10.2,NA,NA,NA,NA,-0.0279,0.1569
TNF.5936.53.3,CFH.4159.130.1,NA,NA,NA,NA,0.3751,0.2126
TNF.5936.53.3,SERPING1.4479.14.2,NA,NA,NA,NA,0.5454,0.436
TNF.5936.53.3,C3.2755.8.2,NA,NA,NA,NA,-0.2689,0.1438
TNF.5936.53.3,FGA.FGB.FGG.4907.56.1,NA,NA,NA,NA,0.2009,0.1441
TNF.5936.53.3,APCS.2474.54.5,NA,NA,NA,NA,0.2001,0.135
TNF.5936.53.3,HP.3054.3.2,NA,NA,NA,NA,1.023,0.7463
TNF.5936.53.3,IL3.4717.55.2,NA,NA,NA,NA,-0.1726,0.1336
TNF.5936.53.3,C4A.C4B.4481.34.2,NA,NA,NA,NA,0.0196,0.1432
TNF.5936.53.3,IL10.2773.50.2,NA,NA,NA,NA,-0.0074,0.1383
TNF.5936.53.3,VTN.13125.45.3,NA,NA,NA,NA,0.0855,0.1857
TNF.5936.53.3,IGFBP2.2570.72.5,NA,NA,NA,NA,0.2408,0.1333
TNF.5936.53.3,ANGPT2.13660.76.3,NA,NA,NA,NA,-0.0253,0.136
TNF.5936.53.3,APOB.2797.56.2,NA,NA,NA,NA,0.134,0.1485
TNF.5936.53.3,CCL26.9168.31.3,NA,NA,NA,NA,0.1184,0.149
TNF.5936.53.3,CRP.4337.49.2,NA,NA,NA,NA,0.0833,0.1473
TNF.5936.53.3,CLU.4542.24.2,NA,NA,NA,NA,0.0456,0.1342
TNF.5936.53.3,CSF3.8952.65.3,NA,NA,NA,NA,0.0712,0.1405
TNF.5936.53.3,IL13.3072.4.2,NA,NA,NA,NA,0.0772,0.1509
TNF.5936.53.3,CXCL8.3447.64.2,NA,NA,NA,NA,0.225,0.1249
TNF.5936.53.3,KITLG.9377.25.3,NA,NA,NA,NA,0.0207,0.1257
TNF.5936.53.3,MMP9.2579.17.5,NA,NA,NA,NA,0.1395,0.1375
TNF.5936.53.3,NPPB.3723.1.2,NA,NA,NA,NA,-0.193,0.1395
TNF.5936.53.3,PLG.3710.49.2,NA,NA,NA,NA,0.1801,0.1463
TNF.5936.53.3,RETN.3046.31.1,NA,NA,NA,NA,0.3604,0.1837
TNF.5936.53.3,TF.4162.54.2,NA,NA,NA,NA,-0.2972,0.1434
TNF.5936.53.3,TNC.4155.3.2,NA,NA,NA,NA,0.2446,0.2254
TNF.5936.53.3,VCAM1.2967.8.1,NA,NA,NA,NA,0.348,0.1551
TNF.5936.53.3,GC.6581.50.3,NA,NA,NA,NA,-0.1764,0.1326
VCAM1.2967.8.1,PPY.4588.1.2,0.3863,1.414,0.2732,0.7847,0.04475,0.1419
VCAM1.2967.8.1,APOE.2937.10.2,NA,NA,NA,NA,-0.02788,0.1569
VCAM1.2967.8.1,CFH.4159.130.1,-0.1313,0.2921,-0.4495,0.6531,0.3751,0.2126
VCAM1.2967.8.1,SERPING1.4479.14.2,0.05521,0.2251,0.2453,0.8063,0.5454,0.436
VCAM1.2967.8.1,C3.2755.8.2,NA,NA,NA,NA,-0.2689,0.1438
VCAM1.2967.8.1,FGA.FGB.FGG.4907.56.1,-0.0741,0.4242,-0.1747,0.8613,0.2009,0.1441
VCAM1.2967.8.1,APCS.2474.54.5,-0.4999,0.4522,-1.105,0.269,0.2001,0.135
VCAM1.2967.8.1,HP.3054.3.2,-0.4244,0.4706,-0.9018,0.3672,1.023,0.7463
VCAM1.2967.8.1,IL3.4717.55.2,NA,NA,NA,NA,-0.1726,0.1336
VCAM1.2967.8.1,C4A.C4B.4481.34.2,NA,NA,NA,NA,NA,NA
VCAM1.2967.8.1,IL10.2773.50.2,NA,NA,NA,NA,-0.007392,0.1383
VCAM1.2967.8.1,VTN.13125.45.3,NA,NA,NA,NA,NA,NA
VCAM1.2967.8.1,IGFBP2.2570.72.5,0.05994,0.3693,0.1623,0.8711,0.2408,0.1333
VCAM1.2967.8.1,ANGPT2.13660.76.3,NA,NA,NA,NA,-0.02528,0.136
VCAM1.2967.8.1,APOB.2797.56.2,-0.4575,0.5891,-0.7765,0.4374,0.134,0.1485
VCAM1.2967.8.1,CCL26.9168.31.3,-0.6246,0.5812,-1.075,0.2825,0.1184,0.149
VCAM1.2967.8.1,CRP.4337.49.2,-0.3068,0.832,-0.3688,0.7123,0.08331,0.1473
VCAM1.2967.8.1,CLU.4542.24.2,0.4139,2.385,0.1735,0.8622,0.04563,0.1342
VCAM1.2967.8.1,CSF3.8952.65.3,0.8562,1.034,0.8282,0.4075,0.07119,0.1405
VCAM1.2967.8.1,IL13.3072.4.2,0.3858,0.6959,0.5544,0.5793,0.07719,0.1509
VCAM1.2967.8.1,CXCL8.3447.64.2,-0.1876,0.3781,-0.4963,0.6197,0.225,0.1249
VCAM1.2967.8.1,KITLG.9377.25.3,NA,NA,NA,NA,NA,NA
VCAM1.2967.8.1,MMP9.2579.17.5,0.4795,0.5824,0.8233,0.4103,0.1395,0.1375
VCAM1.2967.8.1,NPPB.3723.1.2,NA,NA,NA,NA,-0.193,0.1395
VCAM1.2967.8.1,PLG.3710.49.2,-0.468,0.4825,-0.9698,0.3321,0.1801,0.1463
VCAM1.2967.8.1,RETN.3046.31.1,-0.08442,0.3892,-0.2169,0.8283,0.3604,0.1837
VCAM1.2967.8.1,TF.4162.54.2,NA,NA,NA,NA,-0.2972,0.1434
VCAM1.2967.8.1,TNC.4155.3.2,0.7263,0.7169,1.013,0.311,0.2446,0.2254
VCAM1.2967.8.1,TNF.5936.53.3,NA,NA,NA,NA,-0.1348,0.1452
VCAM1.2967.8.1,GC.6581.50.3,NA,NA,NA,NA,-0.1764,0.1326
VTN.13125.45.3,PPY.4588.1.2,NA,NA,NA,NA,NA,NA
VTN.13125.45.3,APOE.2937.10.2,NA,NA,NA,NA,-0.02788,0.1569
VTN.13125.45.3,CFH.4159.130.1,NA,NA,NA,NA,NA,NA
VTN.13125.45.3,SERPING1.4479.14.2,NA,NA,NA,NA,NA,NA
VTN.13125.45.3,C3.2755.8.2,NA,NA,NA,NA,-0.2689,0.1438
VTN.13125.45.3,FGA.FGB.FGG.4907.56.1,NA,NA,NA,NA,NA,NA
VTN.13125.45.3,APCS.2474.54.5,NA,NA,NA,NA,NA,NA
VTN.13125.45.3,HP.3054.3.2,NA,NA,NA,NA,NA,NA
VTN.13125.45.3,IL3.4717.55.2,NA,NA,NA,NA,-0.1727,0.1335
VTN.13125.45.3,C4A.C4B.4481.34.2,NA,NA,NA,NA,NA,NA
VTN.13125.45.3,IL10.2773.50.2,NA,NA,NA,NA,-0.007374,0.1384
VTN.13125.45.3,IGFBP2.2570.72.5,NA,NA,NA,NA,NA,NA
VTN.13125.45.3,ANGPT2.13660.76.3,NA,NA,NA,NA,-0.02526,0.1359
VTN.13125.45.3,APOB.2797.56.2,NA,NA,NA,NA,NA,NA
VTN.13125.45.3,CCL26.9168.31.3,NA,NA,NA,NA,NA,NA
VTN.13125.45.3,CRP.4337.49.2,NA,NA,NA,NA,NA,NA
VTN.13125.45.3,CLU.4542.24.2,NA,NA,NA,NA,NA,NA
VTN.13125.45.3,CSF3.8952.65.3,NA,NA,NA,NA,NA,NA
VTN.13125.45.3,IL13.3072.4.2,NA,NA,NA,NA,NA,NA
VTN.13125.45.3,CXCL8.3447.64.2,NA,NA,NA,NA,NA,NA
VTN.13125.45.3,KITLG.9377.25.3,NA,NA,NA,NA,NA,NA
VTN.13125.45.3,MMP9.2579.17.5,NA,NA,NA,NA,NA,NA
VTN.13125.45.3,NPPB.3723.1.2,NA,NA,NA,NA,-0.193,0.1394
VTN.13125.45.3,PLG.3710.49.2,NA,NA,NA,NA,NA,NA
VTN.13125.45.3,RETN.3046.31.1,NA,NA,NA,NA,NA,NA
VTN.13125.45.3,TF.4162.54.2,NA,NA,NA,NA,-0.2971,0.1434
VTN.13125.45.3,TNC.4155.3.2,NA,NA,NA,NA,NA,NA
VTN.13125.45.3,TNF.5936.53.3,NA,NA,NA,NA,-0.1348,0.1452
VTN.13125.45.3,VCAM1.2967.8.1,NA,NA,NA,NA,NA,NA
VTN.13125.45.3,GC.6581.50.3,NA,NA,NA,NA,-0.1764,0.1327
