Pheno,Set,Threshold,R2,P,Coefficient,Standard.Error,Num_SNP,P_MinusLog10,Significant,SignificantBonf,adjp,adjp_MinusLog10,SignificantAdjP
Angiopoietin.2,Base,5e-08,1.81322e-06,0.978314,0.00134264,0.0493634,26,0.00952173153086413,N,N,0.999598,0.000174621482995295,N
Angiopoietin.2,Base,5e-05,0.000114133,0.829248,-0.010743,0.0497814,116,0.0813155672489519,N,N,0.999598,0.000174621482995295,N
Angiopoietin.2,Base,5e-04,0.00657792,0.101017,-0.08104,0.0493051,434,0.995605533297358,N,N,0.999598,0.000174621482995295,N
Angiopoietin.2,Base,0.001,0.00291883,0.275092,-0.0542458,0.049636,748,0.560522039222726,N,N,0.999598,0.000174621482995295,N
Angiopoietin.2,Base,0.01,0.000199869,0.775335,-0.0142209,0.0497946,4441,0.110510610763142,N,N,0.999598,0.000174621482995295,N
Angiopoietin.2,Base,0.05,0.00286751,0.279359,-0.054597,0.0504038,15402,0.553837332582411,N,N,0.999598,0.000174621482995295,N
Angiopoietin.2,Base,0.1,0.004415,0.179335,-0.0672335,0.0499838,25754,0.746334942877959,N,N,0.999598,0.000174621482995295,N
Angiopoietin.2,Base,0.2,0.00222993,0.340188,-0.0478891,0.0501506,41891,0.468281010022977,N,N,0.999598,0.000174621482995295,N
Angiopoietin.2,Base,0.5,0.00229076,0.333679,-0.0483901,0.0499963,74416,0.47667112469403,N,N,0.999598,0.000174621482995295,N
Angiopoietin.2,Base,1,0.00256574,0.306223,-0.0512008,0.0499784,100602,0.513962193134973,N,N,0.999598,0.000174621482995295,N
Apo.B,Base,5e-08,0.00139614,0.450526,0.0372264,0.0492894,26,0.346280140687802,N,N,0.999598,0.000174621482995295,N
Apo.B,Base,5e-05,0.000175512,0.789125,0.0133115,0.04974,116,0.10285419766459,N,N,0.999598,0.000174621482995295,N
Apo.B,Base,5e-04,0.000350623,0.70541,0.0186951,0.0494198,434,0.151558387999922,N,N,0.999598,0.000174621482995295,N
Apo.B,Base,0.001,0.000997304,0.523696,0.0316831,0.049644,748,0.280920743235352,N,N,0.999598,0.000174621482995295,N
Apo.B,Base,0.01,0.0027519,0.289282,0.052726,0.0496912,4441,0.538678588626048,N,N,0.999598,0.000174621482995295,N
Apo.B,Base,0.05,0.00235687,0.326792,0.0494579,0.0503763,15402,0.485728583713617,N,N,0.999598,0.000174621482995295,N
Apo.B,Base,0.1,0.00151744,0.431481,0.0393847,0.0500164,25754,0.365038323417672,N,N,0.999598,0.000174621482995295,N
Apo.B,Base,0.2,0.00340545,0.238387,0.059133,0.0500809,41891,0.622717431743061,N,N,0.999598,0.000174621482995295,N
Apo.B,Base,0.5,0.00385639,0.209548,0.0627348,0.0499171,74416,0.678716479870026,N,N,0.999598,0.000174621482995295,N
Apo.B,Base,1,0.0038301,0.211111,0.0625068,0.0499067,100602,0.675489137062599,N,N,0.999598,0.000174621482995295,N
Apo.E3,Base,5e-08,3.57344e-06,0.96956,-0.0018886,0.0494613,26,0.0134253099863851,N,N,0.999598,0.000174621482995295,N
Apo.E3,Base,5e-05,0.000190358,0.780606,-0.0139017,0.0498783,116,0.10756811490863,N,N,0.999598,0.000174621482995295,N
Apo.E3,Base,5e-04,0.000506464,0.649574,0.0225315,0.0495537,434,0.187371366590939,N,N,0.999598,0.000174621482995295,N
Apo.E3,Base,0.001,0.000822178,0.562626,0.0288474,0.0497868,748,0.249780202146607,N,N,0.999598,0.000174621482995295,N
Apo.E3,Base,0.01,0.00264717,0.29866,-0.0518571,0.0498324,4441,0.524822939238988,N,N,0.999598,0.000174621482995295,N
Apo.E3,Base,0.05,0.000154766,0.801704,-0.0127091,0.0505725,15402,0.095985949540202,N,N,0.999598,0.000174621482995295,N
Apo.E3,Base,0.1,2.65964e-05,0.917084,0.0052287,0.0501933,25754,0.0375908834513437,N,N,0.999598,0.000174621482995295,N
Apo.E3,Base,0.2,6.22661e-10,0.999598,-2.53558e-05,0.0503063,41891,0.000174621482995295,N,N,0.999598,0.000174621482995295,N
Apo.E3,Base,0.5,0.000405618,0.684301,-0.0204026,0.0501429,74416,0.164752825349057,N,N,0.999598,0.000174621482995295,N
Apo.E3,Base,1,0.00027392,0.738286,-0.0167627,0.0501351,100602,0.131775366956642,N,N,0.999598,0.000174621482995295,N
BNP.32,Base,5e-08,0.00343268,0.236515,0.0584027,0.0492651,26,0.626141310695096,N,N,0.999598,0.000174621482995295,N
BNP.32,Base,5e-05,0.00706644,0.0891383,0.0845091,0.0495945,116,1.04993565281277,N,N,0.999598,0.000174621482995295,N
BNP.32,Base,5e-04,0.00531295,0.140649,0.0728122,0.049323,434,0.851863351277136,N,N,0.999598,0.000174621482995295,N
BNP.32,Base,0.001,0.00901055,0.0547873,0.0952838,0.0494707,748,1.26132010171886,N,N,0.999598,0.000174621482995295,N
BNP.32,Base,0.01,0.000160307,0.79826,0.0127325,0.049782,4441,0.0978556322402978,N,N,0.999598,0.000174621482995295,N
BNP.32,Base,0.05,0.000600887,0.620663,0.0249859,0.0504472,15402,0.207144143731381,N,N,0.999598,0.000174621482995295,N
BNP.32,Base,0.1,0.00093913,0.536067,0.0310002,0.0500573,25754,0.270780926889635,N,N,0.999598,0.000174621482995295,N
BNP.32,Base,0.2,0.000550506,0.635711,0.0237878,0.0501791,41891,0.196740273707235,N,N,0.999598,0.000174621482995295,N
BNP.32,Base,0.5,0.000199142,0.775733,0.0142636,0.050035,74416,0.110287733097442,N,N,0.999598,0.000174621482995295,N
BNP.32,Base,1,0.000204832,0.772638,0.0144628,0.0500238,100602,0.112023936128456,N,N,0.999598,0.000174621482995295,N
C1.Esterase.Inhibitor,Base,5e-08,2.9811e-05,0.912236,-0.00545041,0.0494201,26,0.039892792988693,N,N,0.999598,0.000174621482995295,N
C1.Esterase.Inhibitor,Base,5e-05,0.00152973,0.429621,-0.0393762,0.049804,116,0.366914498348497,N,N,0.999598,0.000174621482995295,N
C1.Esterase.Inhibitor,Base,5e-04,5.12242e-09,0.998847,-7.15975e-05,0.0495256,434,0.000501030437219709,N,N,0.999598,0.000174621482995295,N
C1.Esterase.Inhibitor,Base,0.001,0.000324919,0.715929,-0.0181199,0.0497584,748,0.145130045341784,N,N,0.999598,0.000174621482995295,N
C1.Esterase.Inhibitor,Base,0.01,8.75636e-06,0.952367,0.00298005,0.0498573,4441,0.0211956615307031,N,N,0.999598,0.000174621482995295,N
C1.Esterase.Inhibitor,Base,0.05,0.00406955,0.197367,0.065117,0.050432,15402,0.704725460156637,N,N,0.999598,0.000174621482995295,N
C1.Esterase.Inhibitor,Base,0.1,0.00203725,0.361974,0.0457243,0.0501017,25754,0.44132262300841,N,N,0.999598,0.000174621482995295,N
C1.Esterase.Inhibitor,Base,0.2,0.00448682,0.175829,0.0680089,0.0501522,41891,0.754909493873791,N,N,0.999598,0.000174621482995295,N
C1.Esterase.Inhibitor,Base,0.5,0.00381837,0.211813,0.0625476,0.0500162,74416,0.674047388633609,N,N,0.999598,0.000174621482995295,N
C1.Esterase.Inhibitor,Base,1,0.00387338,0.208546,0.0629826,0.0500037,100602,0.680798135689104,N,N,0.999598,0.000174621482995295,N
C3,Base,5e-08,0.000267212,0.741395,0.0163078,0.0493831,26,0.12995034719738,N,N,0.999598,0.000174621482995295,N
C3,Base,5e-05,0.0011134,0.500456,0.0335722,0.049783,116,0.300634099597664,N,N,0.999598,0.000174621482995295,N
C3,Base,5e-04,0.000109697,0.832549,0.0104709,0.0494917,434,0.0795901964962768,N,N,0.999598,0.000174621482995295,N
C3,Base,0.001,0.00109028,0.504941,-0.0331713,0.049708,748,0.296759364200863,N,N,0.999598,0.000174621482995295,N
C3,Base,0.01,0.00632539,0.107823,0.0800443,0.0496683,4441,0.96728858880009,N,N,0.999598,0.000174621482995295,N
C3,Base,0.05,0.00285504,0.280408,0.0545072,0.0504309,15402,0.552209600169383,N,N,0.999598,0.000174621482995295,N
C3,Base,0.1,1.34066e-05,0.941079,0.00370689,0.0501208,25754,0.0263739176737378,N,N,0.999598,0.000174621482995295,N
C3,Base,0.2,0.000248614,0.750247,-0.0159987,0.0502271,41891,0.124795732505643,N,N,0.999598,0.000174621482995295,N
C3,Base,0.5,0.000221307,0.763932,-0.0150485,0.0500748,74416,0.11694529762732,N,N,0.999598,0.000174621482995295,N
C3,Base,1,0.000167706,0.79376,-0.0130971,0.0500651,100602,0.10031079030789,N,N,0.999598,0.000174621482995295,N
C4,Base,5e-08,0.000836661,0.559204,0.0288516,0.0493609,26,0.252429730732127,N,N,0.999598,0.000174621482995295,N
C4,Base,5e-05,0.0014072,0.448735,0.0377364,0.0497675,116,0.348010055463445,N,N,0.999598,0.000174621482995295,N
C4,Base,5e-04,0.00287399,0.278816,0.0535868,0.0494151,434,0.554682307646019,N,N,0.999598,0.000174621482995295,N
C4,Base,0.001,0.00299014,0.269297,0.0549247,0.0496525,748,0.569768484652741,N,N,0.999598,0.000174621482995295,N
C4,Base,0.01,0.0033387,0.24305,0.058144,0.0497347,4441,0.614304374589439,N,N,0.999598,0.000174621482995295,N
C4,Base,0.05,0.00130327,0.466005,0.0368208,0.0504618,15402,0.331609423522961,N,N,0.999598,0.000174621482995295,N
C4,Base,0.1,0.00186613,0.382963,0.0437272,0.0500662,25754,0.416843183399665,N,N,0.999598,0.000174621482995295,N
C4,Base,0.2,0.00163382,0.414333,0.0410065,0.0501841,41891,0.38265047547034,N,N,0.999598,0.000174621482995295,N
C4,Base,0.5,0.0014611,0.440169,0.0386604,0.0500355,74416,0.356380546978071,N,N,0.999598,0.000174621482995295,N
C4,Base,1,0.00104224,0.514484,0.0326447,0.050035,100602,0.288628126868038,N,N,0.999598,0.000174621482995295,N
Clusterin,Base,5e-08,0.0014337,0.444492,0.0377308,0.0492975,26,0.35213605108774,N,N,0.999598,0.000174621482995295,N
Clusterin,Base,5e-05,0.000297572,0.727651,0.017336,0.0497461,116,0.138076869473366,N,N,0.999598,0.000174621482995295,N
Clusterin,Base,5e-04,0.00407157,0.197255,0.0637188,0.0493368,434,0.704971979525953,N,N,0.999598,0.000174621482995295,N
Clusterin,Base,0.001,0.00209567,0.355172,0.0459362,0.0496258,748,0.449561279168232,N,N,0.999598,0.000174621482995295,N
Clusterin,Base,0.01,0.000501006,0.651342,0.0225014,0.0497564,4441,0.186190916636086,N,N,0.999598,0.000174621482995295,N
Clusterin,Base,0.05,2.4293e-05,0.920744,0.00502214,0.0504444,15402,0.0358611025304826,N,N,0.999598,0.000174621482995295,N
Clusterin,Base,0.1,0.000304293,0.724716,-0.01764,0.050056,25754,0.139832150390009,N,N,0.999598,0.000174621482995295,N
Clusterin,Base,0.2,8.95039e-05,0.848539,0.00958834,0.0501734,41891,0.0713281921258535,N,N,0.999598,0.000174621482995295,N
Clusterin,Base,0.5,1.17361e-05,0.944866,0.00346146,0.0500225,74416,0.0246297783552794,N,N,0.999598,0.000174621482995295,N
Clusterin,Base,1,0.000114076,0.829289,0.0107895,0.0500089,100602,0.0812940952241955,N,N,0.999598,0.000174621482995295,N
CRP,Base,5e-08,0.00477329,0.162607,-0.0687862,0.0491726,26,0.788860762579975,N,N,0.999598,0.000174621482995295,N
CRP,Base,5e-05,0.0104719,0.0383381,-0.102753,0.0494496,116,1.41636941414868,Y,N,0.999598,0.000174621482995295,N
CRP,Base,5e-04,0.0157853,0.0108843,-0.125354,0.0490035,434,1.96319949642655,Y,N,0.999598,0.000174621482995295,N
CRP,Base,0.001,0.0127298,0.0223173,-0.113117,0.0493182,748,1.65135834853508,Y,N,0.999598,0.000174621482995295,N
CRP,Base,0.01,0.000575546,0.62813,-0.0240965,0.0497116,4441,0.201950463842674,N,N,0.999598,0.000174621482995295,N
CRP,Base,0.05,0.00162537,0.415543,-0.041044,0.0503605,15402,0.381384029168751,N,N,0.999598,0.000174621482995295,N
CRP,Base,0.1,0.000918084,0.540673,-0.0306139,0.0499975,25754,0.267065317577677,N,N,0.999598,0.000174621482995295,N
CRP,Base,0.2,0.000983811,0.52652,-0.0317617,0.0501077,41891,0.278585127375611,N,N,0.999598,0.000174621482995295,N
CRP,Base,0.5,0.00134809,0.45843,-0.0370666,0.0499459,74416,0.338726969556942,N,N,0.999598,0.000174621482995295,N
CRP,Base,1,0.00165171,0.411787,-0.0410199,0.0499273,100602,0.385327368056459,N,N,0.999598,0.000174621482995295,N
D.dimer,Base,5e-08,0.000206873,0.771539,-0.0143606,0.0494248,26,0.112642116189678,N,N,0.999598,0.000174621482995295,N
D.dimer,Base,5e-05,0.000806643,0.566341,0.0285988,0.0498312,116,0.246921996683181,N,N,0.999598,0.000174621482995295,N
D.dimer,Base,5e-04,0.00016256,0.796878,0.012757,0.0495307,434,0.0986081628980378,N,N,0.999598,0.000174621482995295,N
D.dimer,Base,0.001,0.000899351,0.544834,0.0301517,0.0497533,748,0.263735798394016,N,N,0.999598,0.000174621482995295,N
D.dimer,Base,0.01,0.000646985,0.607566,-0.0256205,0.0498506,4441,0.216406537682091,N,N,0.999598,0.000174621482995295,N
D.dimer,Base,0.05,0.000273724,0.738377,0.0168911,0.0505373,15402,0.131721839783681,N,N,0.999598,0.000174621482995295,N
D.dimer,Base,0.1,2.11394e-05,0.926051,0.00465856,0.0501615,25754,0.0333650949501777,N,N,0.999598,0.000174621482995295,N
D.dimer,Base,0.2,0.00110418,0.502237,0.033744,0.0502466,41891,0.299091295796902,N,N,0.999598,0.000174621482995295,N
D.dimer,Base,0.5,0.00109718,0.503597,0.0335343,0.0500937,74416,0.297916865711368,N,N,0.999598,0.000174621482995295,N
D.dimer,Base,1,0.00103848,0.515242,0.0326178,0.0500841,100602,0.287988742649822,N,N,0.999598,0.000174621482995295,N
Factor.H,Base,5e-08,0.000236644,0.756139,-0.0153485,0.0493898,26,0.121398361398186,N,N,0.999598,0.000174621482995295,N
Factor.H,Base,5e-05,0.000655334,0.605258,0.0257595,0.0498005,116,0.218059461559267,N,N,0.999598,0.000174621482995295,N
Factor.H,Base,5e-04,0.000499982,0.651675,0.0223571,0.049488,434,0.18596893938541,N,N,0.999598,0.000174621482995295,N
Factor.H,Base,0.001,0.000190034,0.780788,-0.0138504,0.0497364,748,0.107466870000472,N,N,0.999598,0.000174621482995295,N
Factor.H,Base,0.01,0.00100737,0.521607,-0.0319474,0.0498071,4441,0.282656588976722,N,N,0.999598,0.000174621482995295,N
Factor.H,Base,0.05,0.000691322,0.595515,0.0268251,0.0504917,15402,0.225107294911373,N,N,0.999598,0.000174621482995295,N
Factor.H,Base,0.1,0.00112657,0.497932,0.0339847,0.050099,25754,0.302829962543888,N,N,0.999598,0.000174621482995295,N
Factor.H,Base,0.2,0.000403931,0.684923,0.0203952,0.0502293,41891,0.164358249755399,N,N,0.999598,0.000174621482995295,N
Factor.H,Base,0.5,0.000235358,0.756781,0.0155208,0.0500805,74416,0.121029780013688,N,N,0.999598,0.000174621482995295,N
Factor.H,Base,1,7.21067e-05,0.863894,0.00858899,0.0500736,100602,0.0635395422887365,N,N,0.999598,0.000174621482995295,N
G.CSF,Base,5e-08,2.02839e-05,0.927559,0.00449356,0.0493948,26,0.0326584563118474,N,N,0.999598,0.000174621482995295,N
G.CSF,Base,5e-05,1.1581e-06,0.982668,-0.00108287,0.0498164,116,0.00759318625966721,N,N,0.999598,0.000174621482995295,N
G.CSF,Base,5e-04,8.25032e-05,0.854514,0.00908178,0.049498,434,0.0682808175857964,N,N,0.999598,0.000174621482995295,N
G.CSF,Base,0.001,1.2557e-05,0.942973,0.0035603,0.0497404,748,0.0255007421713498,N,N,0.999598,0.000174621482995295,N
G.CSF,Base,0.01,0.000393069,0.688965,-0.0199559,0.049822,4441,0.161802840056023,N,N,0.999598,0.000174621482995295,N
G.CSF,Base,0.05,0.000286041,0.732775,-0.0172548,0.0505016,15402,0.135029355862115,N,N,0.999598,0.000174621482995295,N
G.CSF,Base,0.1,0.000235194,0.756863,0.0155279,0.050121,25754,0.120982725161225,N,N,0.999598,0.000174621482995295,N
G.CSF,Base,0.2,1.8455e-08,0.997812,0.000137857,0.0502391,41891,0.000951277403807505,N,N,0.999598,0.000174621482995295,N
G.CSF,Base,0.5,0.000209773,0.769988,0.0146528,0.0500808,74416,0.11351604310595,N,N,0.999598,0.000174621482995295,N
G.CSF,Base,1,0.000481239,0.657844,0.0221887,0.0500629,100602,0.181877082026765,N,N,0.999598,0.000174621482995295,N
Haptoglobin..Mixed.Type,Base,5e-08,0.00456622,0.172046,0.0673957,0.049264,26,0.764355420096941,N,N,0.999598,0.000174621482995295,N
Haptoglobin..Mixed.Type,Base,5e-05,0.00250287,0.312232,0.0503222,0.0497355,116,0.505522589065921,N,N,0.999598,0.000174621482995295,N
Haptoglobin..Mixed.Type,Base,5e-04,0.00663977,0.0994219,0.0814423,0.049317,434,1.00251794154272,N,N,0.999598,0.000174621482995295,N
Haptoglobin..Mixed.Type,Base,0.001,0.00951711,0.0483748,0.0979791,0.0494851,748,1.31538081750949,Y,N,0.999598,0.000174621482995295,N
Haptoglobin..Mixed.Type,Base,0.01,0.0158538,0.010712,0.12669,0.0494168,4441,1.97012943599605,Y,N,0.999598,0.000174621482995295,N
Haptoglobin..Mixed.Type,Base,0.05,0.00565801,0.128359,0.0767127,0.0503469,15402,0.891573674999513,N,N,0.999598,0.000174621482995295,N
Haptoglobin..Mixed.Type,Base,0.1,0.00237901,0.324527,0.0493671,0.0500486,25754,0.488749164924598,N,N,0.999598,0.000174621482995295,N
Haptoglobin..Mixed.Type,Base,0.2,0.00267772,0.295885,0.0524919,0.0501531,41891,0.528877051001419,N,N,0.999598,0.000174621482995295,N
Haptoglobin..Mixed.Type,Base,0.5,0.00486455,0.158636,0.0705352,0.0499454,74416,0.799598249381604,N,N,0.999598,0.000174621482995295,N
Haptoglobin..Mixed.Type,Base,1,0.00496434,0.154419,0.0712393,0.0499319,100602,0.811299264314469,N,N,0.999598,0.000174621482995295,N
IGFBP.2,Base,5e-08,0.00565685,0.128399,0.0750528,0.0492626,26,0.891438358636115,N,N,0.999598,0.000174621482995295,N
IGFBP.2,Base,5e-05,0.00163118,0.414711,0.0406459,0.049783,116,0.382254445041231,N,N,0.999598,0.000174621482995295,N
IGFBP.2,Base,5e-04,0.000482298,0.657491,-0.0219613,0.0494953,434,0.182110187594233,N,N,0.999598,0.000174621482995295,N
IGFBP.2,Base,0.001,0.000224429,0.762322,0.0150538,0.0497425,748,0.117861546659545,N,N,0.999598,0.000174621482995295,N
IGFBP.2,Base,0.01,2.0524e-07,0.992703,0.000456069,0.0498391,4441,0.0031806656580316,N,N,0.999598,0.000174621482995295,N
IGFBP.2,Base,0.05,0.000618787,0.615505,0.0253823,0.0505006,15402,0.210768414765826,N,N,0.999598,0.000174621482995295,N
IGFBP.2,Base,0.1,3.63808e-06,0.969286,-0.00193153,0.0501341,25754,0.0135480600024603,N,N,0.999598,0.000174621482995295,N
IGFBP.2,Base,0.2,0.00111603,0.49995,0.0339058,0.0502184,41891,0.301073427283789,N,N,0.999598,0.000174621482995295,N
IGFBP.2,Base,0.5,0.000637012,0.610349,0.0255378,0.0500774,74416,0.214421762641517,N,N,0.999598,0.000174621482995295,N
IGFBP.2,Base,1,0.000891584,0.546577,0.0302062,0.05006,100602,0.262348647402313,N,N,0.999598,0.000174621482995295,N
IL.10,Base,5e-08,0.00159291,0.420243,-0.0398353,0.0493737,26,0.37649951188419,N,N,0.999598,0.000174621482995295,N
IL.10,Base,5e-05,0.00515904,0.146551,-0.0723009,0.0497056,116,0.834011213779622,N,N,0.999598,0.000174621482995295,N
IL.10,Base,5e-04,0.00635839,0.106906,-0.0797564,0.0493602,434,0.970997919732598,N,N,0.999598,0.000174621482995295,N
IL.10,Base,0.001,0.00770484,0.0758356,-0.0882228,0.0495666,748,1.12012687281074,N,N,0.999598,0.000174621482995295,N
IL.10,Base,0.01,0.00313018,0.258352,-0.0563349,0.0497717,4441,0.58778817206838,N,N,0.999598,0.000174621482995295,N
IL.10,Base,0.05,0.00110168,0.502722,-0.0338751,0.0504992,15402,0.298672108864747,N,N,0.999598,0.000174621482995295,N
IL.10,Base,0.1,0.00204626,0.360913,-0.0458182,0.0500936,25754,0.442597474475315,N,N,0.999598,0.000174621482995295,N
IL.10,Base,0.2,0.00209273,0.355511,-0.0464392,0.0502046,41891,0.449146957056879,N,N,0.999598,0.000174621482995295,N
IL.10,Base,0.5,0.00117,0.489758,-0.0346175,0.0500748,74416,0.310018461249553,N,N,0.999598,0.000174621482995295,N
IL.10,Base,1,0.000910303,0.542394,-0.0305281,0.0500702,100602,0.265685123310064,N,N,0.999598,0.000174621482995295,N
IL.13,Base,5e-08,0.0061355,0.113272,-0.0780735,0.049194,26,0.945877431251614,N,N,0.999598,0.000174621482995295,N
IL.13,Base,5e-05,0.0024596,0.316456,-0.0498538,0.0497051,116,0.499686665695901,N,N,0.999598,0.000174621482995295,N
IL.13,Base,5e-04,0.00280375,0.284777,-0.0528894,0.0493809,434,0.545495089390674,N,N,0.999598,0.000174621482995295,N
IL.13,Base,0.001,0.000252608,0.748316,-0.0159525,0.0496845,748,0.125914968879032,N,N,0.999598,0.000174621482995295,N
IL.13,Base,0.01,5.20465e-05,0.884209,-0.0072543,0.0497804,4441,0.0534450689026117,N,N,0.999598,0.000174621482995295,N
IL.13,Base,0.05,0.0044063,0.179765,-0.0676546,0.0503467,15402,0.745294860914859,N,N,0.999598,0.000174621482995295,N
IL.13,Base,0.1,0.00369508,0.219359,-0.0614859,0.0499839,25754,0.658844542384394,N,N,0.999598,0.000174621482995295,N
IL.13,Base,0.2,0.00489579,0.157302,-0.0709327,0.0500656,41891,0.803265755549364,N,N,0.999598,0.000174621482995295,N
IL.13,Base,0.5,0.00607208,0.115158,-0.0787551,0.0498835,74416,0.938705886313115,N,N,0.999598,0.000174621482995295,N
IL.13,Base,1,0.00665708,0.0989804,-0.0824434,0.0498578,100602,1.00445079544867,N,N,0.999598,0.000174621482995295,N
IL.3,Base,5e-08,5.21702e-05,0.884073,0.00719816,0.0493366,26,0.0535118727830508,N,N,0.999598,0.000174621482995295,N
IL.3,Base,5e-05,0.00128756,0.468706,0.0360646,0.0497264,116,0.329099486952986,N,N,0.999598,0.000174621482995295,N
IL.3,Base,5e-04,0.000151984,0.803458,0.012312,0.0494387,434,0.0950368206367668,N,N,0.999598,0.000174621482995295,N
IL.3,Base,0.001,8.53349e-05,0.852066,0.00927044,0.0496808,748,0.0695267640060001,N,N,0.999598,0.000174621482995295,N
IL.3,Base,0.01,0.00139232,0.451146,-0.0375146,0.0497392,4441,0.345682888868479,N,N,0.999598,0.000174621482995295,N
IL.3,Base,0.05,3.80615e-05,0.900887,-0.00628688,0.0504491,15402,0.0453296800022132,N,N,0.999598,0.000174621482995295,N
IL.3,Base,0.1,3.31176e-07,0.990731,-0.000582002,0.0500686,25754,0.00404424770866469,N,N,0.999598,0.000174621482995295,N
IL.3,Base,0.2,0.00015248,0.803144,0.0125162,0.0501768,41891,0.0952065807504153,N,N,0.999598,0.000174621482995295,N
IL.3,Base,0.5,0.00080596,0.566506,0.0286879,0.0500076,74416,0.246795486059909,N,N,0.999598,0.000174621482995295,N
IL.3,Base,1,0.000800506,0.567822,0.0285843,0.0499967,100602,0.245787784945936,N,N,0.999598,0.000174621482995295,N
IL.8,Base,5e-08,0.00337984,0.240163,-0.058024,0.0493282,26,0.619493900070374,N,N,0.999598,0.000174621482995295,N
IL.8,Base,5e-05,2.02112e-05,0.927688,0.00452525,0.0498325,116,0.0325980611318463,N,N,0.999598,0.000174621482995295,N
IL.8,Base,5e-04,0.000615313,0.616499,-0.0248101,0.0495013,434,0.210067623520535,N,N,0.999598,0.000174621482995295,N
IL.8,Base,0.001,0.000638722,0.60987,-0.0254005,0.0497414,748,0.214762729414723,N,N,0.999598,0.000174621482995295,N
IL.8,Base,0.01,0.000116772,0.827315,-0.0108806,0.0498455,4441,0.0823291014333262,N,N,0.999598,0.000174621482995295,N
IL.8,Base,0.05,0.000420478,0.678886,-0.0209273,0.050515,15402,0.168203147262328,N,N,0.999598,0.000174621482995295,N
IL.8,Base,0.1,4.21103e-05,0.895777,-0.00657264,0.0501425,25754,0.0478000927077171,N,N,0.999598,0.000174621482995295,N
IL.8,Base,0.2,5.00725e-06,0.963971,0.00227152,0.0502557,41891,0.0159360311691813,N,N,0.999598,0.000174621482995295,N
IL.8,Base,0.5,8.24821e-05,0.854532,-0.00919118,0.0501006,74416,0.0682716694403696,N,N,0.999598,0.000174621482995295,N
IL.8,Base,1,2.67478e-06,0.973663,0.00165478,0.0500916,100602,0.0115913332299525,N,N,0.999598,0.000174621482995295,N
MMP.9,Base,5e-08,1.23938e-06,0.98207,-0.00110718,0.0492362,26,0.00785755546125829,N,N,0.999598,0.000174621482995295,N
MMP.9,Base,5e-05,0.00214699,0.349341,0.0464747,0.0496026,116,0.456750440904516,N,N,0.999598,0.000174621482995295,N
MMP.9,Base,5e-04,6.75806e-05,0.868194,-0.00819305,0.0493389,434,0.0613832198517251,N,N,0.999598,0.000174621482995295,N
MMP.9,Base,0.001,0.00205232,0.360201,0.0453695,0.0495297,748,0.443455085814434,N,N,0.999598,0.000174621482995295,N
MMP.9,Base,0.01,4.01411e-05,0.89823,0.00635668,0.0496703,4441,0.0466124440218238,N,N,0.999598,0.000174621482995295,N
MMP.9,Base,0.05,0.000390964,0.689756,0.0201078,0.0503363,15402,0.161304513022669,N,N,0.999598,0.000174621482995295,N
MMP.9,Base,0.1,8.09225e-05,0.855899,-0.00907893,0.0499634,25754,0.0675774810362015,N,N,0.999598,0.000174621482995295,N
MMP.9,Base,0.2,1.13479e-05,0.945784,0.00340744,0.050077,41891,0.0242080372972117,N,N,0.999598,0.000174621482995295,N
MMP.9,Base,0.5,1.44996e-05,0.938729,-0.00383993,0.0499244,74416,0.0274597653391803,N,N,0.999598,0.000174621482995295,N
MMP.9,Base,1,4.32148e-05,0.894427,-0.00662775,0.0499126,100602,0.0484550992451917,N,N,0.999598,0.000174621482995295,N
Plasminogen,Base,5e-08,0.00130345,0.465974,0.0360668,0.0494251,26,0.331638315008593,N,N,0.999598,0.000174621482995295,N
Plasminogen,Base,5e-05,1.09711e-05,0.94669,0.00333713,0.0498787,116,0.0237922103630882,N,N,0.999598,0.000174621482995295,N
Plasminogen,Base,5e-04,0.002872,0.278983,0.0536504,0.049491,434,0.554422259920423,N,N,0.999598,0.000174621482995295,N
Plasminogen,Base,0.001,0.00216788,0.347004,0.0468388,0.0497492,748,0.459665518961532,N,N,0.999598,0.000174621482995295,N
Plasminogen,Base,0.01,0.000106386,0.835058,-0.010395,0.0498917,4441,0.0782833590012356,N,N,0.999598,0.000174621482995295,N
Plasminogen,Base,0.05,0.00121261,0.481952,0.0355716,0.0505416,15402,0.316996213157794,N,N,0.999598,0.000174621482995295,N
Plasminogen,Base,0.1,0.00116676,0.490359,0.0346288,0.0501606,25754,0.309485849293352,N,N,0.999598,0.000174621482995295,N
Plasminogen,Base,0.2,0.00129283,0.467797,0.0365332,0.0502697,41891,0.329942567665009,N,N,0.999598,0.000174621482995295,N
Plasminogen,Base,0.5,0.00393558,0.204922,0.0635472,0.0500502,74416,0.688411414142929,N,N,0.999598,0.000174621482995295,N
Plasminogen,Base,1,0.00418363,0.191189,0.0655047,0.0500329,100602,0.718537098339871,N,N,0.999598,0.000174621482995295,N
resistin,Base,5e-08,0.000629586,0.612438,0.0249929,0.0492971,26,0.212937870425909,N,N,0.999598,0.000174621482995295,N
resistin,Base,5e-05,0.0024627,0.316151,0.0498519,0.0496718,116,0.500105440155381,N,N,0.999598,0.000174621482995295,N
resistin,Base,5e-04,0.00031383,0.720612,0.017683,0.0494095,434,0.142298510059148,N,N,0.999598,0.000174621482995295,N
resistin,Base,0.001,0.00247375,0.315067,0.0498877,0.0495961,748,0.501597082285937,N,N,0.999598,0.000174621482995295,N
resistin,Base,0.01,0.000476993,0.659261,-0.0219465,0.0497365,4441,0.180942615118987,N,N,0.999598,0.000174621482995295,N
resistin,Base,0.05,0.000117636,0.826688,0.0110469,0.0504213,15402,0.0826583664385249,N,N,0.999598,0.000174621482995295,N
resistin,Base,0.1,0.000435095,0.673668,0.0210846,0.0500321,25754,0.171554081641662,N,N,0.999598,0.000174621482995295,N
resistin,Base,0.2,5.39639e-05,0.882111,0.00744211,0.0501537,41891,0.0544767621988699,N,N,0.999598,0.000174621482995295,N
resistin,Base,0.5,0.000101511,0.838829,-0.010176,0.0499997,74416,0.0763265635163463,N,N,0.999598,0.000174621482995295,N
resistin,Base,1,8.83098e-05,0.84954,-0.00948917,0.049989,100602,0.0708161678599143,N,N,0.999598,0.000174621482995295,N
SAP,Base,5e-08,0.00501533,0.152313,0.0705271,0.0491795,26,0.817263027804334,N,N,0.999598,0.000174621482995295,N
SAP,Base,5e-05,0.00461469,0.169781,0.0682282,0.0496088,116,0.770110912777886,N,N,0.999598,0.000174621482995295,N
SAP,Base,5e-04,0.00410035,0.195676,0.0639053,0.0493065,434,0.708462438045337,N,N,0.999598,0.000174621482995295,N
SAP,Base,0.001,0.00190756,0.377729,0.0437998,0.0496008,748,0.422819671099157,N,N,0.999598,0.000174621482995295,N
SAP,Base,0.01,0.00150437,0.433473,0.0389677,0.0497016,4441,0.363037948513479,N,N,0.999598,0.000174621482995295,N
SAP,Base,0.05,0.00157486,0.422891,0.0404118,0.050375,15402,0.373771557444561,N,N,0.999598,0.000174621482995295,N
SAP,Base,0.1,0.0032045,0.252766,0.05721,0.0499533,25754,0.597281344177,N,N,0.999598,0.000174621482995295,N
SAP,Base,0.2,0.00127565,0.470772,0.0361766,0.0501135,41891,0.327189375495366,N,N,0.999598,0.000174621482995295,N
SAP,Base,0.5,0.00199475,0.367033,0.0451006,0.0499429,74416,0.435294886501044,N,N,0.999598,0.000174621482995295,N
SAP,Base,1,0.00156161,0.42485,0.0398959,0.0499427,100602,0.371764377410916,N,N,0.999598,0.000174621482995295,N
Tenascin,Base,5e-08,0.000580284,0.626719,0.0240514,0.0494157,26,0.202927138760896,N,N,0.999598,0.000174621482995295,N
Tenascin,Base,5e-05,0.00170703,0.404058,0.0416033,0.0498088,116,0.393556290156731,N,N,0.999598,0.000174621482995295,N
Tenascin,Base,5e-04,0.00148087,0.43709,0.0385035,0.0494981,434,0.359429129439194,N,N,0.999598,0.000174621482995295,N
Tenascin,Base,0.001,0.000589631,0.623955,0.0244139,0.049761,748,0.204846730760531,N,N,0.999598,0.000174621482995295,N
Tenascin,Base,0.01,7.36042e-05,0.862502,0.00864157,0.049865,4441,0.0642398891961877,N,N,0.999598,0.000174621482995295,N
Tenascin,Base,0.05,3.11496e-05,0.910295,-0.00569808,0.0505435,15402,0.0408178427223658,N,N,0.999598,0.000174621482995295,N
Tenascin,Base,0.1,0.000671084,0.600953,-0.0262479,0.0501453,25754,0.221159492454539,N,N,0.999598,0.000174621482995295,N
Tenascin,Base,0.2,0.00072287,0.587238,-0.0273028,0.0502562,41891,0.231185849113201,N,N,0.999598,0.000174621482995295,N
Tenascin,Base,0.5,0.000576399,0.627876,-0.024306,0.0501068,74416,0.202126117143545,N,N,0.999598,0.000174621482995295,N
Tenascin,Base,1,0.000467224,0.662551,-0.0218785,0.0500985,100602,0.178780686197053,N,N,0.999598,0.000174621482995295,N
TNF.a,Base,5e-08,3.8127e-06,0.968558,-0.00194668,0.0493569,26,0.0138743673808657,N,N,0.999598,0.000174621482995295,N
TNF.a,Base,5e-05,0.00530391,0.140988,0.0732257,0.0496456,116,0.85081785015003,N,N,0.999598,0.000174621482995295,N
TNF.a,Base,5e-04,0.0033361,0.243234,0.0577057,0.0493791,434,0.613975718131551,N,N,0.999598,0.000174621482995295,N
TNF.a,Base,0.001,0.0089464,0.055661,0.0949577,0.0494794,748,1.25444899544034,N,N,0.999598,0.000174621482995295,N
TNF.a,Base,0.01,0.0034411,0.23594,0.0589995,0.0497074,4441,0.627198424919263,N,N,0.999598,0.000174621482995295,N
TNF.a,Base,0.05,0.00130127,0.466346,0.0367743,0.0504368,15402,0.331291743968947,N,N,0.999598,0.000174621482995295,N
TNF.a,Base,0.1,0.00133879,0.459986,0.0370187,0.0500545,25754,0.337255386177713,N,N,0.999598,0.000174621482995295,N
TNF.a,Base,0.2,0.000833773,0.559883,0.0292792,0.0501792,41891,0.25190271899953,N,N,0.999598,0.000174621482995295,N
TNF.a,Base,0.5,0.000664949,0.602622,0.0260678,0.0500306,74416,0.219955017527918,N,N,0.999598,0.000174621482995295,N
TNF.a,Base,1,0.000687912,0.596424,0.0265082,0.050019,100602,0.224444888931566,N,N,0.999598,0.000174621482995295,N
Transferrin,Base,5e-08,3.00497e-05,0.911886,-0.00547098,0.0494092,26,0.0400594518750301,N,N,0.999598,0.000174621482995295,N
Transferrin,Base,5e-05,3.14404e-05,0.909879,0.00564385,0.0498304,116,0.041016358367153,N,N,0.999598,0.000174621482995295,N
Transferrin,Base,5e-04,0.000363758,0.700204,0.0190753,0.0495057,434,0.154775412604169,N,N,0.999598,0.000174621482995295,N
Transferrin,Base,0.001,5.49289e-05,0.881069,0.00744855,0.0497542,748,0.0549900789366125,N,N,0.999598,0.000174621482995295,N
Transferrin,Base,0.01,0.000213614,0.767952,0.0147157,0.0498413,4441,0.114665924221874,N,N,0.999598,0.000174621482995295,N
Transferrin,Base,0.05,0.00661668,0.100014,0.083013,0.0503564,15402,0.999939203028222,N,N,0.999598,0.000174621482995295,N
Transferrin,Base,0.1,0.00387725,0.208318,0.0630655,0.0500445,25754,0.681273202625791,N,N,0.999598,0.000174621482995295,N
Transferrin,Base,0.2,0.00305921,0.263828,0.0561443,0.0501771,41891,0.578679114778325,N,N,0.999598,0.000174621482995295,N
Transferrin,Base,0.5,0.0019822,0.368547,0.0450556,0.0500512,74416,0.433507119639244,N,N,0.999598,0.000174621482995295,N
Transferrin,Base,1,0.00166902,0.409345,0.0413344,0.050048,100602,0.387910509990854,N,N,0.999598,0.000174621482995295,N
VCAM.1,Base,5e-08,5.61677e-05,0.879746,-0.00747144,0.0493536,26,0.0556426991240601,N,N,0.999598,0.000174621482995295,N
VCAM.1,Base,5e-05,0.000909171,0.542645,0.0303159,0.0497531,116,0.265484194280043,N,N,0.999598,0.000174621482995295,N
VCAM.1,Base,5e-04,0.00392735,0.205397,-0.0626081,0.0493624,434,0.687405903937185,N,N,0.999598,0.000174621482995295,N
VCAM.1,Base,0.001,0.00335587,0.24184,-0.0581554,0.0496167,748,0.616471865830239,N,N,0.999598,0.000174621482995295,N
VCAM.1,Base,0.01,0.00211489,0.352973,-0.0462514,0.0497384,4441,0.452258513874152,N,N,0.999598,0.000174621482995295,N
VCAM.1,Base,0.05,0.000431251,0.67503,-0.0211693,0.0504567,15402,0.170676925620922,N,N,0.999598,0.000174621482995295,N
VCAM.1,Base,0.1,7.43145e-06,0.956114,0.00275793,0.0500858,25754,0.0194903225573297,N,N,0.999598,0.000174621482995295,N
VCAM.1,Base,0.2,2.57424e-05,0.918422,-0.00514448,0.0501974,41891,0.0369577216750147,N,N,0.999598,0.000174621482995295,N
VCAM.1,Base,0.5,0.000250523,0.749322,-0.0159998,0.0500389,74416,0.12533151638316,N,N,0.999598,0.000174621482995295,N
VCAM.1,Base,1,0.000207187,0.771371,-0.0145471,0.0500289,100602,0.112736692637102,N,N,0.999598,0.000174621482995295,N
